source,data_type,endpoint_or_source,publication_frequency,airpulse_ingestion_frequency,scheduler,automated,production_status,storage_location,downstream_consumer,last_observed_update,evidence_file,notes
Air Cargo Week,news headlines (title; link; publication and modification time),https://aircargoweek.com/wp-json/wp/v2/posts,continuous,manual command; back-fill 2026-10-03; incremental runs on 2026-10-04 (python -m src.ops.cli run --sources news),GitHub Actions workflow defined (.github/workflows/news_ingest.yml; cron 17 5 * * * = every 24 hours at 05:17 UTC); never executed: repository not hosted,NO,experimental layer only; not a forecast input,research/news_archive/aircargoweek/<year>.jsonl,event store data/news.sqlite and export operations/news/ -> dashboard Market Intelligence view; news ablation,newest article 2026-10-02T15:42:35Z; newest fetch stamp 2026-10-03T18:47:02Z,src/news/config.py; src/news/ingestion.py; .github/workflows/news_ingest.yml; execution/verification_matrix.csv; operations/ingestion_log.jsonl; src/ops/pipeline.py,"no authentication; publisher rate limits UNVERIFIED; 18,597 headlines from 2014-05-02"
Splash247,news headlines (title; link; publication and modification time),https://splash247.com/wp-json/wp/v2/posts,continuous,manual command; back-fill 2026-10-03; incremental runs on 2026-10-04 (python -m src.ops.cli run --sources news),GitHub Actions workflow defined (.github/workflows/news_ingest.yml; cron 17 5 * * * = every 24 hours at 05:17 UTC); never executed: repository not hosted,NO,experimental layer only; not a forecast input,research/news_archive/splash247/<year>.jsonl,event store data/news.sqlite and export operations/news/ -> dashboard Market Intelligence view; news ablation,newest article 2026-10-03T09:54:21Z; newest fetch stamp 2026-10-03T19:17:54Z,src/news/config.py; src/news/ingestion.py; .github/workflows/news_ingest.yml; execution/verification_matrix.csv; operations/ingestion_log.jsonl; src/ops/pipeline.py,"no authentication; publisher rate limits UNVERIFIED; 59,858 headlines from 2012-06-12; full back-fill takes about an hour"
GDELT DOC 2.0 API,news article lists,GDELT DOC 2.0 API (see research/source_registry.csv SRC-06),15 minutes (publisher),never fetched successfully,none,NO,not connected (no adapter),none,none,HTTP 429 on 2026-10-03 and 2026-10-04,research/source_reliability.yaml; execution/known_issues.md; research/source_registry.csv,rate limited from the audit network on every attempt; not retested in this audit
GDELT raw GKG files,page titles (samples),http://data.gdeltproject.org/gdeltv2/,15 minutes (publisher),two sample files fetched once,none,NO,research only,research/data_samples/SRC-07_gdelt_gkg_*,none,sample files dated 2015-02-19 and 2026-03-10,research/source_registry.csv; research/data_inventory.csv,audit evidence; not parsed by the system
"EIA jet fuel, US Gulf Coast (series EER_EPJK_PF4_RGC_DPG), read at the Energy Information Administration",daily price series,https://www.eia.gov/dnav/pet/hist_xls/EER_EPJK_PF4_RGC_DPGd.xls,daily values; published once a week,"benchmark: the Administration's spreadsheet retrieved on 2026-10-03, written as observation_date,value (CL-024). Operations: when the production run is started (2026-10-07: unchanged at the source)","production workflow of the hosted repository (deploy/public/production.yml; weekly, Monday); never executed: the repository is not hosted",NO,production (context; inputs of the comparison models); licence status PENDING_CONFIRMATION (KI-107),"research/data_samples/SRC-01_eia_EER_EPJK_PF4_RGC_DPG.csv and .xls; operations/current/ and operations/raw/ (every spreadsheet fetched, with its date)",src.cli build-db -> data/airpulse.sqlite -> features -> backtest -> dashboard; operations: data/airpulse_operational.sqlite -> operations/forecast_ledger.jsonl,latest observation 2026-09-29,src/config.py; src/ops/eia.py; src/ops/adapters.py; scripts/build_eia_snapshot.py; research/data_samples/SRC-01_eia_EER_EPJK_PF4_RGC_DPG.csv.meta.json; operations/ingestion_log.jsonl,"values treated as available 8 days after their date; until 2026-10-07 read through a relay service, retired because its terms forbid keeping the data (CL-024)"
"EIA Brent crude (series RBRTE), read at the Energy Information Administration",daily price series,https://www.eia.gov/dnav/pet/hist_xls/RBRTEd.xls,daily values; published once a week,"benchmark: the Administration's spreadsheet retrieved on 2026-10-03, written as observation_date,value (CL-024). Operations: when the production run is started (2026-10-07: unchanged at the source)","production workflow of the hosted repository (deploy/public/production.yml; weekly, Monday); never executed: the repository is not hosted",NO,production (context; inputs of the comparison models); licence status PENDING_CONFIRMATION (KI-107),"research/data_samples/SRC-08_eia_RBRTE.csv and .xls; operations/current/ and operations/raw/ (every spreadsheet fetched, with its date)",src.cli build-db -> data/airpulse.sqlite -> features -> backtest -> dashboard; operations: data/airpulse_operational.sqlite -> operations/forecast_ledger.jsonl,latest observation 2026-09-29,src/config.py; src/ops/eia.py; src/ops/adapters.py; scripts/build_eia_snapshot.py; research/data_samples/SRC-08_eia_RBRTE.csv.meta.json; operations/ingestion_log.jsonl,same as jet fuel
EIA primary files (jet fuel; Brent),daily price spreadsheets,https://www.eia.gov/dnav/pet/hist_xls/EER_EPJK_PF4_RGC_DPGd.xls; RBRTEd.xls,weekly release,once (2026-10-03),none,NO,research only (cross-check),research/data_samples/SRC-01_eia_*.xls; SRC-08_eia_*.xls,none,2026-10-03,scripts/phase0_fetch_samples.py; research/data_inventory.csv,not read by the system
"BLS air freight price indexes (IC1312, Asia to US, and 7 others), read at the Bureau of Labor Statistics",monthly price index; one column per release,"https://www.bls.gov/bls/news-release/ximpim.htm (archived releases); https://api.bls.gov/publicAPI/v1/timeseries/data/ (database values, no key)",monthly,"benchmark: rebuilt on 2026-10-07 from the Bureau's 198 archived releases since 2010-03-16 and its database values (CL-024, rule 3). Operations: when the production run is started (2026-10-07: no release newer than those held)","production workflow of the hosted repository (deploy/public/production.yml; daily, asked when a release is due); never executed: the repository is not hosted",NO,production (target and features); licence status CLEARED,"research/data_samples/SRC-09_bls_<series>_all_vintages.csv; research/bls_releases/ (release tables, checksums, database values, log of every cell); operations/current/ and operations/raw/",src.cli build-db -> data/airpulse.sqlite -> labels; features -> backtest -> dashboard; operations: data/airpulse_operational.sqlite -> operations/forecast_ledger.jsonl,IC1312: latest month 2026-08; first released 2026-09-16; 198 releases,src/config.py; src/ops/bls.py; src/ops/adapters.py; scripts/build_bls_vintages.py; research/data_samples/SRC-09_bls_IC1312_all_vintages.csv.meta.json; operations/ingestion_log.jsonl,"each release is a column; the month whose second revision a release does not print is taken from the changes that release prints; the release of 2026-02-10 printed no table; until 2026-10-07 read through a relay service, retired (CL-024)"
BLS public API,monthly index values,https://api.bls.gov/publicAPI/v2/timeseries/data/,monthly,once (2026-10-03),none,NO,research only (cross-check),research/data_samples/SRC-19_bls_api_*,none,2026-10-03,scripts/phase0_fetch_samples.py; research/data_inventory.csv,not read by the system
IMF PortWatch,daily chokepoint transits,ArcGIS feature service (see research/source_registry.csv SRC-05),weekly update of daily values,once (2026-10-03),none,NO,research only,research/data_samples/SRC-05_portwatch_*,none,2026-10-03,scripts/phase0_fetch_samples.py; spec/scope.md,excluded from the backtest: restated history without vintages
Eurostat aviation tables (avia_gor; avia_par; avia_goexcc; avia_paexcc),freight; flights; seats by route and country,https://ec.europa.eu/eurostat/api/dissemination/sdmx/2.1/data/<table>,monthly values; country tables 2 to 8 months late; route tables yearly,once (2026-10-03/04),none,NO,research only,research/aviation_data/eurostat_india_*,none,country tables to 2026-02 … 2026-08 by country; route tables to 2024-12,scripts/aviation_eurostat_india.py; scripts/aviation_eurostat_country.py; research/aviation_data_sources.csv,no aviation feature implemented
OpenSky flight lists (Zenodo 7923702),flight records 2019-2022,https://zenodo.org/records/7923702,closed dataset,five monthly files streamed once (2026-10-03),none,NO,research only,research/aviation_data/opensky_flightlist_*,none,dataset ends 2022-12,scripts/aviation_opensky_flightlist.py; research/aviation_data_sources.csv,files not stored; counts only
OpenSky REST API,live aircraft states; flight records,https://opensky-network.org/api,seconds (publisher; not verified),never succeeded,none,NO,not connected,none,none,27 requests timed out on 2026-10-03,research/aviation_data/probe_log.json; research/aviation_data_sources.csv,UNVERIFIED: cause of the timeouts unknown
AAI airport cargo traffic,monthly freight tonnes by Indian airport (PDF),https://www.aai.aero/en/business-opportunities/aai-traffic-news,monthly,once (phase 0; 2026-10-03),none,NO,research only,data/ (bulk download; not tracked),none,months to 2026-08,scripts/phase0_fetch_aai.py; research/data_audit.md; research/source_registry.csv,not read by the system
adsb.lol; ADS-B Exchange; EUROCONTROL; DGCA; US BTS,flight positions or traffic statistics,see research/aviation_data_sources.csv AV-07 to AV-14,various,probe requests only (2026-10-03),none,NO,research only / not usable / not verified,research/aviation_data/probe_log.json,none,2026-10-03,scripts/aviation_probe.py; scripts/aviation_probe2.py; research/aviation_data_sources.csv,no data ingested
Reddit,social posts,none,not applicable,never,none,NO,not connected,none,none,none,spec/scope.md; requirements.txt,appears only in the original proposal; no adapter; no credentials
X,social posts,none,not applicable,never,none,NO,not connected,none,none,none,spec/scope.md; requirements.txt,appears only in the original proposal; no adapter; no credentials
Dashboard (consumer; not a source),displays stored forecasts; data and events,local files data/airpulse.sqlite and data/news.sqlite,not applicable,reads local stores and the run records on each page interaction; fetches nothing,none,NO,production (read-only presentation),none (reads only),user,shows the snapshot retrieved 2026-10-03 and headlines to 2026-10-03,src/dashboard/app.py,no auto-refresh; does not trigger ingestion; data mode and source health derived from operations/ingestion_log.jsonl and the clock
