series,month,value
IV131,1990-09-01,96.4
IV131,1990-12-01,105.6
IV131,1991-03-01,104.5
IV131,1991-06-01,100.4
IV131,1991-09-01,99.8
IV131,1991-12-01,101.8
IV131,1992-03-01,102.8
IV131,1992-06-01,98.5
IV131,1992-09-01,101.6
IV131,1992-12-01,99.5
IV131,1993-03-01,97.5
IV131,1993-06-01,104.2
IV131,1993-09-01,104.5
IV131,1993-12-01,103.8
IV131,1994-03-01,103.5
IV131,1994-06-01,105.7
IV131,1994-09-01,108.9
IV131,1994-12-01,110.9
IV131,1995-03-01,115.8
IV131,1995-06-01,118.7
IV131,1995-09-01,112.9
IV131,1995-12-01,115.1
IV131,1996-03-01,113.7
IV131,1996-06-01,112.2
IV131,1996-09-01,112.0
IV131,1996-12-01,110.6
IV131,1997-03-01,104.1
IV131,1997-06-01,104.5
IV131,1997-09-01,102.5
IV131,1997-12-01,100.1
IV131,1998-03-01,93.0
IV131,1998-06-01,94.2
IV131,1998-09-01,92.8
IV131,1998-12-01,100.2
IV131,1999-03-01,101.5
IV131,1999-06-01,98.7
IV131,1999-09-01,100.6
IV131,1999-12-01,102.8
IV131,2000-03-01,100.7
IV131,2000-06-01,100.1
IV131,2000-09-01,100.2
IV131,2000-12-01,99.0
IV131,2001-03-01,98.9
IV131,2001-06-01,96.0
IV131,2001-09-01,95.9
IV131,2001-12-01,95.6
IV131,2002-03-01,96.7
IV131,2002-06-01,99.7
IV131,2002-09-01,101.2
IV131,2002-12-01,106.9
IV131,2003-03-01,110.2
IV131,2003-06-01,111.5
IV131,2003-09-01,116.8
IV131,2003-12-01,114.9
IV131,2004-03-01,117.1
IV131,2004-06-01,117.5
IV131,2004-09-01,120.0
IV131,2004-12-01,126.8
IV131,2005-03-01,128.6
IV131,2005-06-01,128.4
IV131,2005-09-01,129.7
IV131,2005-12-01,128.9
IV131,2006-01-01,126.8
IV131,2006-02-01,129.7
IV131,2006-03-01,129.7
IV131,2006-04-01,129.8
IV131,2006-05-01,131.2
IV131,2006-06-01,135.2
IV131,2006-07-01,133.4
IV131,2006-08-01,132.4
IV131,2006-09-01,133.1
IV131,2006-10-01,133.0
IV131,2006-11-01,129.9
IV131,2006-12-01,131.2
IV131,2007-01-01,132.3
IV131,2007-02-01,130.8
IV131,2007-03-01,130.7
IV131,2007-04-01,131.1
IV131,2007-05-01,132.5
IV131,2007-06-01,132.3
IV131,2007-07-01,132.3
IV131,2007-08-01,134.0
IV131,2007-09-01,134.2
IV131,2007-10-01,135.3
IV131,2007-11-01,138.2
IV131,2007-12-01,141.8
IV131,2008-01-01,141.9
IV131,2008-02-01,142.8
IV131,2008-03-01,144.4
IV131,2008-04-01,150.7
IV131,2008-05-01,157.3
IV131,2008-06-01,158.7
IV131,2008-07-01,162.6
IV131,2008-08-01,162.3
IV131,2008-09-01,157.1
IV131,2008-10-01,151.9
IV131,2008-11-01,145.6
IV131,2008-12-01,138.5
IV131,2009-01-01,137.3
IV131,2009-02-01,135.8
IV131,2009-03-01,132.9
IV131,2009-04-01,131.1
IV131,2009-05-01,129.9
IV131,2009-06-01,132.8
IV131,2009-07-01,133.4
IV131,2009-08-01,133.5
IV131,2009-09-01,134.8
IV131,2009-10-01,146.1
IV131,2009-11-01,152.5
IV131,2009-12-01,163.9
IV131,2010-01-01,156.7
IV131,2010-02-01,156.2
IV131,2010-03-01,158.3
IV131,2010-04-01,160.4
IV131,2010-05-01,163.9
IV131,2010-06-01,162.5
IV131,2010-07-01,160.7
IV131,2010-08-01,162.8
IV131,2010-09-01,163.2
IV131,2010-10-01,164.8
IV131,2010-11-01,169.7
IV131,2010-12-01,170.1
IV131,2011-01-01,167.2
IV131,2011-02-01,171.4
IV131,2011-03-01,172.8
IV131,2011-04-01,174.8
IV131,2011-05-01,185.0
IV131,2011-06-01,184.3
IV131,2011-07-01,183.9
IV131,2011-08-01,186.0
IV131,2011-09-01,185.5
IV131,2011-10-01,181.1
IV131,2011-11-01,177.9
IV131,2011-12-01,177.1
IV131,2012-01-01,171.2
IV131,2012-02-01,169.3
IV131,2012-03-01,173.7
IV131,2012-04-01,177.0
IV131,2012-05-01,177.6
IV131,2012-06-01,178.6
IV131,2012-07-01,176.1
IV131,2012-08-01,173.3
IV131,2012-09-01,173.9
IV131,2012-10-01,176.1
IV131,2012-11-01,177.1
IV131,2012-12-01,175.8
IV131,2013-01-01,176.2
IV131,2013-02-01,175.5
IV131,2013-03-01,174.7
IV131,2013-04-01,172.7
IV131,2013-05-01,172.3
IV131,2013-06-01,171.8
IV131,2013-07-01,172.1
IV131,2013-08-01,171.8
IV131,2013-09-01,172.8
IV131,2013-10-01,174.3
IV131,2013-11-01,178.1
IV131,2013-12-01,177.1
IV131,2014-01-01,177.2
IV131,2014-02-01,176.2
IV131,2014-03-01,176.6
IV131,2014-04-01,175.8
IV131,2014-05-01,175.7
IV131,2014-06-01,175.8
IV131,2014-07-01,175.4
IV131,2014-08-01,175.9
IV131,2014-09-01,174.8
IV131,2014-10-01,172.3
IV131,2014-11-01,170.0
IV131,2014-12-01,167.1
IV131,2015-01-01,167.2
IV131,2015-02-01,167.7
IV131,2015-03-01,172.8
IV131,2015-04-01,172.3
IV131,2015-05-01,171.6
IV131,2015-06-01,170.2
IV131,2015-07-01,164.4
IV131,2015-08-01,161.6
IV131,2015-09-01,158.1
IV131,2015-10-01,166.0
IV131,2015-11-01,166.7
IV131,2015-12-01,162.0
IV131,2016-01-01,154.5
IV131,2016-02-01,151.2
IV131,2016-03-01,151.1
IV131,2016-04-01,152.4
IV131,2016-05-01,150.4
IV131,2016-06-01,147.4
IV131,2016-07-01,148.8
IV131,2016-08-01,151.2
IV131,2016-09-01,152.8
IV131,2016-10-01,166.5
IV131,2016-11-01,166.0
IV131,2016-12-01,165.1
IV131,2017-01-01,162.0
IV131,2017-02-01,161.7
IV131,2017-03-01,162.6
IV131,2017-04-01,165.0
IV131,2017-05-01,166.2
IV131,2017-06-01,164.8
IV131,2017-07-01,181.7
IV131,2017-08-01,182.0
IV131,2017-09-01,182.8
IV131,2017-10-01,175.0
IV131,2017-11-01,187.0
IV131,2017-12-01,182.0
IV131,2018-01-01,178.0
IV131,2018-02-01,172.1
IV131,2018-03-01,179.2
IV131,2018-04-01,191.5
IV131,2018-05-01,194.8
IV131,2018-06-01,192.7
IV131,2018-07-01,188.1
IV131,2018-08-01,187.4
IV131,2018-09-01,188.9
IV131,2018-10-01,193.4
IV131,2018-11-01,194.7
IV131,2018-12-01,188.4
IV131,2019-01-01,186.5
IV131,2019-02-01,175.1
IV131,2019-03-01,175.0
IV131,2019-04-01,178.2
IV131,2019-05-01,179.0
IV131,2019-06-01,178.9
IV131,2019-07-01,174.4
IV131,2019-08-01,173.7
IV131,2019-09-01,173.1
IV131,2019-10-01,175.1
IV131,2019-11-01,179.0
IV131,2019-12-01,182.2
IV131,2020-01-01,178.1
IV131,2020-02-01,176.3
IV131,2020-03-01,180.7
IV131,2020-04-01,252.8
IV131,2020-05-01,319.0
IV131,2020-06-01,309.0
IV131,2020-07-01,265.8
IV131,2020-08-01,271.7
IV131,2020-09-01,263.8
IV131,2020-10-01,274.7
IV131,2020-11-01,301.6
IV131,2020-12-01,320.9
IV131,2021-01-01,302.3
IV131,2021-02-01,312.5
IV131,2021-03-01,299.5
IV131,2021-04-01,322.0
IV131,2021-05-01,339.3
IV131,2021-06-01,347.1
IV131,2021-07-01,327.7
IV131,2021-08-01,328.0
IV131,2021-09-01,342.5
IV131,2021-10-01,358.1
IV131,2021-11-01,407.9
IV131,2021-12-01,361.1
IV131,2022-01-01,383.9
IV131,2022-02-01,350.0
IV131,2022-03-01,359.5
IV131,2022-04-01,350.3
IV131,2022-05-01,364.8
IV131,2022-06-01,361.1
IV131,2022-07-01,314.4
IV131,2022-08-01,325.3
IV131,2022-09-01,321.5
IV131,2022-10-01,283.3
IV131,2022-11-01,258.7
IV131,2022-12-01,284.9
IV131,2023-01-01,251.2
IV131,2023-02-01,239.6
IV131,2023-03-01,232.8
IV131,2023-04-01,239.4
IV131,2023-05-01,227.0
IV131,2023-06-01,240.1
IV131,2023-07-01,242.1
IV131,2023-08-01,222.0
IV131,2023-09-01,231.1
IV131,2023-10-01,229.6
IV131,2023-11-01,239.3
IV131,2023-12-01,268.0
IV131,2024-01-01,226.8
IV131,2024-02-01,219.0
IV131,2024-03-01,220.2
IV131,2024-04-01,232.6
IV131,2024-05-01,231.0
IV131,2024-06-01,232.6
IV131,2024-07-01,260.9
IV131,2024-08-01,266.8
IV131,2024-09-01,283.5
IV131,2024-10-01,271.8
IV131,2024-11-01,275.8
IV131,2024-12-01,273.3
IV131,2025-01-01,266.1
IV131,2025-02-01,230.7
IV131,2025-03-01,230.7
IV131,2025-04-01,246.0
IV131,2025-05-01,236.2
IV131,2025-06-01,230.1
IV131,2025-07-01,245.4
IV131,2025-08-01,244.2
IV131,2025-09-01,247.9
IV131,2025-11-01,261.7
IV131,2025-12-01,271.4
IV131,2026-01-01,259.1
IV131,2026-02-01,255.9
IV131,2026-03-01,251.6
IV131,2026-04-01,257.0
IV131,2026-05-01,305.5
IV131,2026-06-01,309.8
IV131,2026-07-01,304.6
IV131,2026-08-01,310.2
IV1311,2003-12-01,100.0
IV1311,2004-03-01,106.0
IV1311,2004-06-01,107.9
IV1311,2004-09-01,112.1
IV1311,2004-12-01,122.5
IV1311,2005-03-01,120.9
IV1311,2005-06-01,120.6
IV1311,2005-09-01,122.6
IV1311,2005-12-01,120.0
IV1311,2006-01-01,118.0
IV1311,2006-02-01,121.2
IV1311,2006-03-01,120.7
IV1311,2006-04-01,121.6
IV1311,2006-05-01,124.8
IV1311,2006-06-01,131.5
IV1311,2006-07-01,130.0
IV1311,2006-08-01,130.0
IV1311,2006-09-01,131.8
IV1311,2006-10-01,131.1
IV1311,2006-11-01,125.4
IV1311,2006-12-01,127.6
IV1311,2007-01-01,130.9
IV1311,2007-02-01,129.1
IV1311,2007-03-01,129.4
IV1311,2007-04-01,128.1
IV1311,2007-05-01,132.1
IV1311,2007-06-01,132.0
IV1311,2007-07-01,132.0
IV1311,2007-08-01,135.2
IV1311,2007-09-01,134.5
IV1311,2007-10-01,137.4
IV1311,2007-11-01,142.9
IV1311,2007-12-01,148.2
IV1311,2008-01-01,149.1
IV1311,2008-02-01,149.7
IV1311,2008-03-01,150.3
IV1311,2008-04-01,166.0
IV1311,2008-05-01,173.7
IV1311,2008-06-01,174.8
IV1311,2008-07-01,180.0
IV1311,2008-08-01,182.8
IV1311,2008-09-01,168.7
IV1311,2008-10-01,157.9
IV1311,2008-11-01,141.4
IV1311,2008-12-01,131.8
IV1311,2009-01-01,132.1
IV1311,2009-02-01,129.1
IV1311,2009-03-01,124.6
IV1311,2009-04-01,121.7
IV1311,2009-05-01,123.3
IV1311,2009-06-01,126.1
IV1311,2009-07-01,130.3
IV1311,2009-08-01,131.7
IV1311,2009-09-01,133.1
IV1311,2009-10-01,135.9
IV1311,2009-11-01,137.8
IV1311,2009-12-01,140.7
IV1311,2010-01-01,138.4
IV1311,2010-02-01,137.0
IV1311,2010-03-01,132.5
IV1311,2010-04-01,132.7
IV1311,2010-05-01,133.8
IV1311,2010-06-01,126.6
IV1311,2010-07-01,125.0
IV1311,2010-08-01,130.4
IV1311,2010-09-01,131.7
IV1311,2010-10-01,135.9
IV1311,2010-11-01,142.1
IV1311,2010-12-01,142.5
IV1311,2011-01-01,141.7
IV1311,2011-02-01,144.3
IV1311,2011-03-01,148.8
IV1311,2011-04-01,159.5
IV1311,2011-05-01,169.9
IV1311,2011-06-01,168.3
IV1311,2011-07-01,169.2
IV1311,2011-08-01,180.5
IV1311,2011-09-01,179.8
IV1311,2011-10-01,174.6
IV1311,2011-11-01,168.8
IV1311,2011-12-01,168.3
IV1311,2012-01-01,164.4
IV1311,2012-02-01,161.7
IV1311,2012-03-01,166.6
IV1311,2012-04-01,163.4
IV1311,2012-05-01,165.5
IV1311,2012-06-01,162.0
IV1311,2012-07-01,157.6
IV1311,2012-08-01,156.2
IV1311,2012-09-01,157.7
IV1311,2012-10-01,163.7
IV1311,2012-11-01,166.7
IV1311,2012-12-01,162.2
IV1311,2013-01-01,165.3
IV1311,2013-02-01,167.6
IV1311,2013-03-01,169.7
IV1311,2013-04-01,163.0
IV1311,2013-05-01,164.0
IV1311,2013-06-01,163.6
IV1311,2013-07-01,165.0
IV1311,2013-08-01,163.2
IV1311,2013-09-01,167.0
IV1311,2013-10-01,168.7
IV1311,2013-11-01,180.8
IV1311,2013-12-01,179.4
IV1311,2014-01-01,182.5
IV1311,2014-02-01,181.6
IV1311,2014-03-01,181.3
IV1311,2014-04-01,180.2
IV1311,2014-05-01,180.3
IV1311,2014-06-01,180.8
IV1311,2014-07-01,179.8
IV1311,2014-08-01,179.3
IV1311,2014-09-01,176.4
IV1311,2014-10-01,173.0
IV1311,2014-11-01,170.5
IV1311,2014-12-01,166.6
IV1311,2015-01-01,161.1
IV1311,2015-02-01,152.9
IV1311,2015-03-01,150.2
IV1311,2015-04-01,144.1
IV1311,2015-05-01,145.5
IV1311,2015-06-01,149.9
IV1311,2015-07-01,148.7
IV1311,2015-08-01,148.2
IV1311,2015-09-01,147.7
IV1311,2015-10-01,147.1
IV1311,2015-11-01,145.4
IV1311,2015-12-01,140.4
IV1311,2016-01-01,141.0
IV1311,2016-02-01,138.9
IV1311,2016-03-01,140.5
IV1311,2016-04-01,135.8
IV1311,2016-05-01,137.7
IV1311,2016-06-01,138.0
IV1311,2016-07-01,137.6
IV1311,2016-08-01,135.8
IV1311,2016-09-01,138.3
IV1311,2016-10-01,138.6
IV1311,2016-11-01,138.9
IV1311,2016-12-01,136.9
IV1311,2017-01-01,135.9
IV1311,2017-02-01,136.5
IV1311,2017-03-01,136.7
IV1311,2017-04-01,140.6
IV1311,2017-05-01,140.8
IV1311,2017-06-01,139.0
IV1311,2017-07-01,143.3
IV1311,2017-08-01,144.7
IV1311,2017-09-01,147.7
IV1311,2017-10-01,143.2
IV1311,2017-11-01,143.9
IV1311,2017-12-01,144.0
IV1311,2018-01-01,144.9
IV1311,2018-02-01,149.1
IV1311,2018-03-01,150.4
IV1311,2018-04-01,152.3
IV1311,2018-05-01,154.3
IV1311,2018-06-01,148.9
IV1311,2018-07-01,147.7
IV1311,2018-08-01,147.3
IV1311,2018-09-01,145.7
IV1311,2018-10-01,150.4
IV1311,2018-11-01,149.2
IV1311,2018-12-01,147.9
IV1311,2019-01-01,151.5
IV1311,2019-02-01,149.4
IV1311,2019-03-01,149.3
IV1311,2019-04-01,149.5
IV1311,2019-05-01,147.9
IV1311,2019-06-01,148.0
IV1311,2019-07-01,144.2
IV1311,2019-08-01,145.7
IV1311,2019-09-01,145.5
IV1311,2019-10-01,145.2
IV1311,2019-11-01,143.4
IV1311,2019-12-01,143.3
IV1311,2020-01-01,144.1
IV1311,2020-02-01,144.4
IV1311,2020-03-01,143.6
IV1311,2020-04-01,218.2
IV1311,2020-05-01,214.8
IV1311,2020-06-01,215.4
IV1311,2020-07-01,220.6
IV1311,2020-08-01,224.2
IV1311,2020-09-01,216.2
IV1311,2020-10-01,239.7
IV1311,2020-11-01,240.9
IV1311,2020-12-01,242.1
IV1311,2021-01-01,248.0
IV1311,2021-02-01,253.1
IV1311,2021-03-01,248.9
IV1311,2021-04-01,248.4
IV1311,2021-05-01,249.5
IV1311,2021-06-01,253.2
IV1311,2021-07-01,251.7
IV1311,2021-08-01,248.5
IV1311,2021-09-01,249.8
IV1311,2021-10-01,256.8
IV1311,2021-11-01,300.4
IV1311,2021-12-01,316.5
IV1311,2022-01-01,290.6
IV1311,2022-02-01,294.0
IV1311,2022-03-01,304.4
IV1311,2022-04-01,346.1
IV1311,2022-05-01,351.3
IV1311,2022-06-01,308.9
IV1311,2022-07-01,267.4
IV1311,2022-08-01,265.7
IV1311,2022-09-01,265.4
IV1311,2022-10-01,247.6
IV1311,2022-11-01,256.2
IV1311,2022-12-01,263.8
IV1311,2023-01-01,272.7
IV1311,2023-02-01,271.0
IV1311,2023-03-01,257.4
IV1311,2023-04-01,219.9
IV1311,2023-05-01,214.0
IV1311,2023-06-01,217.3
IV1311,2023-07-01,193.4
IV1311,2023-08-01,201.3
IV1311,2023-09-01,185.7
IV1311,2023-10-01,185.1
IV1311,2023-11-01,178.9
IV1311,2023-12-01,182.7
IV1311,2024-01-01,158.3
IV1311,2024-02-01,164.2
IV1311,2024-03-01,176.2
IV1311,2024-04-01,149.7
IV1311,2024-05-01,158.1
IV1311,2024-06-01,148.3
IV1311,2024-07-01,157.5
IV1311,2024-08-01,153.5
IV1311,2024-09-01,151.0
IV1311,2024-10-01,162.8
IV1311,2024-11-01,156.3
IV1311,2024-12-01,156.4
IV1311,2025-01-01,168.8
IV1311,2025-02-01,166.6
IV1311,2025-03-01,157.2
IV1311,2025-04-01,189.1
IV1311,2025-05-01,196.2
IV1311,2025-06-01,156.1
IV1311,2025-07-01,185.4
IV1311,2025-08-01,177.7
IV1311,2025-09-01,174.4
IV1311,2025-11-01,193.0
IV1311,2025-12-01,201.6
IV1311,2026-01-01,205.2
IV1311,2026-02-01,203.6
IV1311,2026-03-01,217.0
IV1311,2026-04-01,212.1
IV1311,2026-05-01,217.8
IV1311,2026-06-01,214.9
IV1311,2026-07-01,224.6
IV1311,2026-08-01,230.6
IC131,1990-09-01,98.6
IC131,1990-12-01,107.1
IC131,1991-03-01,105.3
IC131,1991-06-01,103.4
IC131,1991-09-01,103.3
IC131,1991-12-01,105.8
IC131,1992-03-01,106.5
IC131,1992-06-01,103.2
IC131,1992-09-01,105.8
IC131,1992-12-01,100.7
IC131,1993-03-01,98.7
IC131,1993-06-01,104.9
IC131,1993-09-01,105.1
IC131,1993-12-01,104.6
IC131,1994-03-01,104.4
IC131,1994-06-01,106.6
IC131,1994-09-01,107.1
IC131,1994-12-01,108.9
IC131,1995-03-01,113.6
IC131,1995-06-01,116.5
IC131,1995-09-01,111.0
IC131,1995-12-01,111.7
IC131,1996-03-01,108.6
IC131,1996-06-01,107.7
IC131,1996-09-01,108.2
IC131,1996-12-01,107.6
IC131,1997-03-01,101.3
IC131,1997-06-01,101.8
IC131,1997-09-01,100.3
IC131,1997-12-01,97.9
IC131,1998-03-01,93.9
IC131,1998-06-01,94.4
IC131,1998-09-01,92.7
IC131,1998-12-01,99.0
IC131,1999-03-01,99.6
IC131,1999-06-01,97.6
IC131,1999-09-01,99.5
IC131,1999-12-01,102.8
IC131,2000-03-01,100.7
IC131,2000-06-01,100.1
IC131,2000-09-01,100.2
IC131,2000-12-01,99.0
IC131,2001-03-01,97.9
IC131,2001-06-01,95.1
IC131,2001-09-01,94.9
IC131,2001-12-01,95.1
IC131,2002-03-01,93.9
IC131,2002-06-01,98.3
IC131,2002-09-01,100.3
IC131,2002-12-01,105.9
IC131,2003-03-01,108.8
IC131,2003-06-01,109.4
IC131,2003-09-01,112.5
IC131,2003-12-01,112.9
IC131,2004-03-01,116.2
IC131,2004-06-01,116.6
IC131,2004-09-01,118.7
IC131,2004-12-01,125.1
IC131,2005-03-01,126.3
IC131,2005-06-01,125.6
IC131,2005-09-01,127.5
IC131,2005-12-01,124.6
IC131,2006-01-01,123.2
IC131,2006-02-01,124.8
IC131,2006-03-01,124.6
IC131,2006-04-01,124.6
IC131,2006-05-01,127.0
IC131,2006-06-01,129.2
IC131,2006-07-01,128.1
IC131,2006-08-01,128.3
IC131,2006-09-01,128.9
IC131,2006-10-01,128.0
IC131,2006-11-01,126.4
IC131,2006-12-01,127.1
IC131,2007-01-01,128.0
IC131,2007-02-01,126.6
IC131,2007-03-01,126.6
IC131,2007-04-01,126.9
IC131,2007-05-01,127.6
IC131,2007-06-01,127.3
IC131,2007-07-01,127.4
IC131,2007-08-01,129.4
IC131,2007-09-01,129.6
IC131,2007-10-01,131.1
IC131,2007-11-01,134.1
IC131,2007-12-01,138.1
IC131,2008-01-01,138.8
IC131,2008-02-01,139.4
IC131,2008-03-01,140.7
IC131,2008-04-01,145.8
IC131,2008-05-01,150.2
IC131,2008-06-01,152.1
IC131,2008-07-01,155.2
IC131,2008-08-01,155.5
IC131,2008-09-01,151.6
IC131,2008-10-01,147.7
IC131,2008-11-01,142.8
IC131,2008-12-01,136.8
IC131,2009-01-01,134.0
IC131,2009-02-01,131.4
IC131,2009-03-01,127.5
IC131,2009-04-01,125.5
IC131,2009-05-01,124.3
IC131,2009-06-01,125.1
IC131,2009-07-01,125.3
IC131,2009-08-01,125.9
IC131,2009-09-01,127.4
IC131,2009-10-01,134.8
IC131,2009-11-01,140.3
IC131,2009-12-01,147.3
IC131,2010-01-01,144.0
IC131,2010-02-01,143.1
IC131,2010-03-01,144.3
IC131,2010-04-01,144.9
IC131,2010-05-01,147.2
IC131,2010-06-01,147.1
IC131,2010-07-01,145.0
IC131,2010-08-01,146.7
IC131,2010-09-01,147.2
IC131,2010-10-01,149.5
IC131,2010-11-01,152.8
IC131,2010-12-01,153.4
IC131,2011-01-01,152.7
IC131,2011-02-01,155.0
IC131,2011-03-01,157.0
IC131,2011-04-01,159.1
IC131,2011-05-01,165.1
IC131,2011-06-01,164.4
IC131,2011-07-01,163.6
IC131,2011-08-01,164.2
IC131,2011-09-01,164.2
IC131,2011-10-01,163.4
IC131,2011-11-01,162.2
IC131,2011-12-01,160.7
IC131,2012-01-01,157.3
IC131,2012-02-01,155.5
IC131,2012-03-01,158.8
IC131,2012-04-01,161.2
IC131,2012-05-01,161.6
IC131,2012-06-01,163.2
IC131,2012-07-01,161.5
IC131,2012-08-01,161.0
IC131,2012-09-01,163.6
IC131,2012-10-01,165.5
IC131,2012-11-01,168.5
IC131,2012-12-01,167.5
IC131,2013-01-01,165.7
IC131,2013-02-01,164.5
IC131,2013-03-01,163.8
IC131,2013-04-01,162.9
IC131,2013-05-01,161.9
IC131,2013-06-01,160.6
IC131,2013-07-01,160.6
IC131,2013-08-01,160.6
IC131,2013-09-01,161.5
IC131,2013-10-01,162.8
IC131,2013-11-01,165.5
IC131,2013-12-01,164.8
IC131,2014-01-01,164.2
IC131,2014-02-01,163.1
IC131,2014-03-01,164.7
IC131,2014-04-01,164.3
IC131,2014-05-01,165.2
IC131,2014-06-01,165.3
IC131,2014-07-01,165.3
IC131,2014-08-01,165.4
IC131,2014-09-01,164.4
IC131,2014-10-01,163.0
IC131,2014-11-01,161.8
IC131,2014-12-01,158.7
IC131,2015-01-01,160.3
IC131,2015-02-01,158.9
IC131,2015-03-01,159.5
IC131,2015-04-01,159.5
IC131,2015-05-01,158.7
IC131,2015-06-01,158.3
IC131,2015-07-01,155.1
IC131,2015-08-01,152.4
IC131,2015-09-01,151.0
IC131,2015-10-01,154.9
IC131,2015-11-01,155.4
IC131,2015-12-01,152.5
IC131,2016-01-01,148.7
IC131,2016-02-01,146.8
IC131,2016-03-01,144.7
IC131,2016-04-01,146.4
IC131,2016-05-01,143.8
IC131,2016-06-01,141.8
IC131,2016-07-01,142.7
IC131,2016-08-01,144.5
IC131,2016-09-01,145.7
IC131,2016-10-01,154.5
IC131,2016-11-01,155.3
IC131,2016-12-01,155.0
IC131,2017-01-01,153.6
IC131,2017-02-01,153.0
IC131,2017-03-01,153.4
IC131,2017-04-01,154.4
IC131,2017-05-01,155.6
IC131,2017-06-01,155.1
IC131,2017-07-01,164.9
IC131,2017-08-01,165.5
IC131,2017-09-01,166.3
IC131,2017-10-01,161.9
IC131,2017-11-01,170.8
IC131,2017-12-01,167.7
IC131,2018-01-01,167.9
IC131,2018-02-01,162.7
IC131,2018-03-01,165.4
IC131,2018-04-01,173.1
IC131,2018-05-01,175.7
IC131,2018-06-01,175.3
IC131,2018-07-01,171.8
IC131,2018-08-01,170.8
IC131,2018-09-01,172.6
IC131,2018-10-01,175.6
IC131,2018-11-01,177.1
IC131,2018-12-01,173.8
IC131,2019-01-01,174.1
IC131,2019-02-01,166.4
IC131,2019-03-01,166.9
IC131,2019-04-01,165.7
IC131,2019-05-01,167.3
IC131,2019-06-01,168.1
IC131,2019-07-01,164.4
IC131,2019-08-01,161.0
IC131,2019-09-01,160.1
IC131,2019-10-01,161.8
IC131,2019-11-01,163.9
IC131,2019-12-01,165.8
IC131,2020-01-01,164.3
IC131,2020-02-01,166.3
IC131,2020-03-01,167.9
IC131,2020-04-01,207.5
IC131,2020-05-01,246.2
IC131,2020-06-01,240.1
IC131,2020-07-01,216.4
IC131,2020-08-01,220.1
IC131,2020-09-01,208.8
IC131,2020-10-01,215.1
IC131,2020-11-01,228.7
IC131,2020-12-01,243.5
IC131,2021-01-01,240.1
IC131,2021-02-01,239.2
IC131,2021-03-01,232.0
IC131,2021-04-01,242.2
IC131,2021-05-01,256.9
IC131,2021-06-01,264.3
IC131,2021-07-01,248.8
IC131,2021-08-01,247.9
IC131,2021-09-01,256.9
IC131,2021-10-01,267.6
IC131,2021-11-01,288.7
IC131,2021-12-01,276.9
IC131,2022-01-01,296.2
IC131,2022-02-01,270.9
IC131,2022-03-01,271.9
IC131,2022-04-01,263.4
IC131,2022-05-01,271.0
IC131,2022-06-01,262.8
IC131,2022-07-01,240.9
IC131,2022-08-01,240.2
IC131,2022-09-01,234.2
IC131,2022-10-01,211.8
IC131,2022-11-01,194.4
IC131,2022-12-01,195.8
IC131,2023-01-01,188.3
IC131,2023-02-01,180.4
IC131,2023-03-01,171.8
IC131,2023-04-01,170.0
IC131,2023-05-01,163.8
IC131,2023-06-01,165.7
IC131,2023-07-01,166.7
IC131,2023-08-01,161.0
IC131,2023-09-01,166.9
IC131,2023-10-01,167.8
IC131,2023-11-01,178.4
IC131,2023-12-01,188.3
IC131,2024-01-01,163.9
IC131,2024-02-01,160.5
IC131,2024-03-01,169.8
IC131,2024-04-01,174.8
IC131,2024-05-01,167.5
IC131,2024-06-01,170.7
IC131,2024-07-01,180.0
IC131,2024-08-01,179.2
IC131,2024-09-01,186.6
IC131,2024-10-01,201.9
IC131,2024-11-01,195.1
IC131,2024-12-01,198.1
IC131,2025-01-01,187.6
IC131,2025-02-01,172.8
IC131,2025-03-01,177.7
IC131,2025-04-01,188.4
IC131,2025-05-01,181.3
IC131,2025-06-01,174.6
IC131,2025-07-01,178.8
IC131,2025-08-01,179.9
IC131,2025-09-01,178.9
IC131,2025-11-01,185.0
IC131,2025-12-01,191.1
IC131,2026-01-01,184.3
IC131,2026-02-01,181.2
IC131,2026-03-01,185.9
IC131,2026-04-01,198.6
IC131,2026-05-01,221.9
IC131,2026-06-01,215.8
IC131,2026-07-01,215.5
IC131,2026-08-01,218.7
IC1311,2003-12-01,100.0
IC1311,2004-03-01,107.0
IC1311,2004-06-01,108.0
IC1311,2004-09-01,111.6
IC1311,2004-12-01,120.0
IC1311,2005-03-01,120.0
IC1311,2005-06-01,119.7
IC1311,2005-09-01,121.2
IC1311,2005-12-01,116.0
IC1311,2006-01-01,115.3
IC1311,2006-02-01,117.3
IC1311,2006-03-01,117.2
IC1311,2006-04-01,117.7
IC1311,2006-05-01,121.8
IC1311,2006-06-01,125.8
IC1311,2006-07-01,124.6
IC1311,2006-08-01,125.9
IC1311,2006-09-01,126.9
IC1311,2006-10-01,125.3
IC1311,2006-11-01,122.1
IC1311,2006-12-01,123.5
IC1311,2007-01-01,126.7
IC1311,2007-02-01,125.1
IC1311,2007-03-01,125.5
IC1311,2007-04-01,124.6
IC1311,2007-05-01,127.5
IC1311,2007-06-01,127.4
IC1311,2007-07-01,127.1
IC1311,2007-08-01,130.5
IC1311,2007-09-01,129.8
IC1311,2007-10-01,133.0
IC1311,2007-11-01,138.8
IC1311,2007-12-01,143.9
IC1311,2008-01-01,145.6
IC1311,2008-02-01,145.9
IC1311,2008-03-01,146.4
IC1311,2008-04-01,157.7
IC1311,2008-05-01,162.4
IC1311,2008-06-01,165.2
IC1311,2008-07-01,169.6
IC1311,2008-08-01,172.2
IC1311,2008-09-01,161.8
IC1311,2008-10-01,154.1
IC1311,2008-11-01,141.2
IC1311,2008-12-01,131.9
IC1311,2009-01-01,129.9
IC1311,2009-02-01,127.0
IC1311,2009-03-01,121.4
IC1311,2009-04-01,118.0
IC1311,2009-05-01,118.9
IC1311,2009-06-01,119.5
IC1311,2009-07-01,122.7
IC1311,2009-08-01,123.4
IC1311,2009-09-01,124.7
IC1311,2009-10-01,126.4
IC1311,2009-11-01,127.7
IC1311,2009-12-01,129.5
IC1311,2010-01-01,128.8
IC1311,2010-02-01,127.4
IC1311,2010-03-01,123.8
IC1311,2010-04-01,123.4
IC1311,2010-05-01,124.5
IC1311,2010-06-01,119.8
IC1311,2010-07-01,118.3
IC1311,2010-08-01,122.8
IC1311,2010-09-01,124.5
IC1311,2010-10-01,127.2
IC1311,2010-11-01,132.0
IC1311,2010-12-01,132.5
IC1311,2011-01-01,132.6
IC1311,2011-02-01,134.5
IC1311,2011-03-01,138.8
IC1311,2011-04-01,146.3
IC1311,2011-05-01,153.8
IC1311,2011-06-01,152.7
IC1311,2011-07-01,153.1
IC1311,2011-08-01,157.3
IC1311,2011-09-01,157.6
IC1311,2011-10-01,153.1
IC1311,2011-11-01,149.4
IC1311,2011-12-01,149.5
IC1311,2012-01-01,147.1
IC1311,2012-02-01,145.6
IC1311,2012-03-01,149.6
IC1311,2012-04-01,149.2
IC1311,2012-05-01,150.3
IC1311,2012-06-01,146.6
IC1311,2012-07-01,144.6
IC1311,2012-08-01,143.2
IC1311,2012-09-01,145.2
IC1311,2012-10-01,149.8
IC1311,2012-11-01,151.8
IC1311,2012-12-01,149.2
IC1311,2013-01-01,151.4
IC1311,2013-02-01,152.1
IC1311,2013-03-01,152.1
IC1311,2013-04-01,148.3
IC1311,2013-05-01,148.4
IC1311,2013-06-01,147.8
IC1311,2013-07-01,148.2
IC1311,2013-08-01,147.0
IC1311,2013-09-01,149.6
IC1311,2013-10-01,151.0
IC1311,2013-11-01,157.8
IC1311,2013-12-01,156.9
IC1311,2014-01-01,160.0
IC1311,2014-02-01,159.7
IC1311,2014-03-01,159.7
IC1311,2014-04-01,159.3
IC1311,2014-05-01,159.4
IC1311,2014-06-01,159.7
IC1311,2014-07-01,159.9
IC1311,2014-08-01,159.6
IC1311,2014-09-01,157.5
IC1311,2014-10-01,155.4
IC1311,2014-11-01,153.3
IC1311,2014-12-01,150.2
IC1311,2015-01-01,147.8
IC1311,2015-02-01,142.3
IC1311,2015-03-01,140.5
IC1311,2015-04-01,137.3
IC1311,2015-05-01,137.4
IC1311,2015-06-01,140.5
IC1311,2015-07-01,140.6
IC1311,2015-08-01,139.1
IC1311,2015-09-01,138.7
IC1311,2015-10-01,137.8
IC1311,2015-11-01,137.8
IC1311,2015-12-01,135.0
IC1311,2016-01-01,135.4
IC1311,2016-02-01,133.7
IC1311,2016-03-01,134.6
IC1311,2016-04-01,134.4
IC1311,2016-05-01,135.4
IC1311,2016-06-01,135.4
IC1311,2016-07-01,134.9
IC1311,2016-08-01,134.2
IC1311,2016-09-01,135.3
IC1311,2016-10-01,134.8
IC1311,2016-11-01,133.4
IC1311,2016-12-01,131.3
IC1311,2017-01-01,132.3
IC1311,2017-02-01,132.8
IC1311,2017-03-01,132.2
IC1311,2017-04-01,133.4
IC1311,2017-05-01,132.3
IC1311,2017-06-01,130.6
IC1311,2017-07-01,133.6
IC1311,2017-08-01,134.4
IC1311,2017-09-01,136.5
IC1311,2017-10-01,129.5
IC1311,2017-11-01,127.3
IC1311,2017-12-01,131.6
IC1311,2018-01-01,133.1
IC1311,2018-02-01,137.5
IC1311,2018-03-01,138.6
IC1311,2018-04-01,138.3
IC1311,2018-05-01,140.0
IC1311,2018-06-01,136.9
IC1311,2018-07-01,136.6
IC1311,2018-08-01,135.7
IC1311,2018-09-01,135.6
IC1311,2018-10-01,137.5
IC1311,2018-11-01,137.0
IC1311,2018-12-01,135.6
IC1311,2019-01-01,141.5
IC1311,2019-02-01,138.1
IC1311,2019-03-01,137.9
IC1311,2019-04-01,136.5
IC1311,2019-05-01,136.1
IC1311,2019-06-01,138.0
IC1311,2019-07-01,132.1
IC1311,2019-08-01,132.0
IC1311,2019-09-01,132.6
IC1311,2019-10-01,132.5
IC1311,2019-11-01,131.2
IC1311,2019-12-01,131.1
IC1311,2020-01-01,132.8
IC1311,2020-02-01,132.6
IC1311,2020-03-01,132.4
IC1311,2020-04-01,165.8
IC1311,2020-05-01,164.1
IC1311,2020-06-01,166.5
IC1311,2020-07-01,169.6
IC1311,2020-08-01,170.8
IC1311,2020-09-01,157.3
IC1311,2020-10-01,170.3
IC1311,2020-11-01,168.9
IC1311,2020-12-01,168.9
IC1311,2021-01-01,178.0
IC1311,2021-02-01,178.0
IC1311,2021-03-01,175.1
IC1311,2021-04-01,173.5
IC1311,2021-05-01,174.3
IC1311,2021-06-01,176.3
IC1311,2021-07-01,175.4
IC1311,2021-08-01,173.5
IC1311,2021-09-01,174.5
IC1311,2021-10-01,178.0
IC1311,2021-11-01,202.6
IC1311,2021-12-01,209.4
IC1311,2022-01-01,201.5
IC1311,2022-02-01,204.4
IC1311,2022-03-01,218.7
IC1311,2022-04-01,224.6
IC1311,2022-05-01,229.7
IC1311,2022-06-01,201.9
IC1311,2022-07-01,185.1
IC1311,2022-08-01,178.1
IC1311,2022-09-01,181.7
IC1311,2022-10-01,169.6
IC1311,2022-11-01,171.9
IC1311,2022-12-01,174.4
IC1311,2023-01-01,187.5
IC1311,2023-02-01,183.9
IC1311,2023-03-01,178.9
IC1311,2023-04-01,159.5
IC1311,2023-05-01,157.8
IC1311,2023-06-01,160.0
IC1311,2023-07-01,150.0
IC1311,2023-08-01,159.1
IC1311,2023-09-01,148.9
IC1311,2023-10-01,144.5
IC1311,2023-11-01,143.6
IC1311,2023-12-01,147.4
IC1311,2024-01-01,131.3
IC1311,2024-02-01,137.1
IC1311,2024-03-01,148.3
IC1311,2024-04-01,135.0
IC1311,2024-05-01,138.7
IC1311,2024-06-01,129.6
IC1311,2024-07-01,137.0
IC1311,2024-08-01,131.1
IC1311,2024-09-01,129.3
IC1311,2024-10-01,139.6
IC1311,2024-11-01,138.7
IC1311,2024-12-01,139.2
IC1311,2025-01-01,140.5
IC1311,2025-02-01,144.7
IC1311,2025-03-01,135.2
IC1311,2025-04-01,158.3
IC1311,2025-05-01,163.1
IC1311,2025-06-01,140.8
IC1311,2025-07-01,160.9
IC1311,2025-08-01,158.4
IC1311,2025-09-01,157.1
IC1311,2025-11-01,160.8
IC1311,2025-12-01,167.7
IC1311,2026-01-01,173.0
IC1311,2026-02-01,168.7
IC1311,2026-03-01,184.3
IC1311,2026-04-01,178.7
IC1311,2026-05-01,190.1
IC1311,2026-06-01,182.5
IC1311,2026-07-01,187.4
IC1311,2026-08-01,197.3
IC1312,1990-09-01,87.9
IC1312,1990-12-01,93.1
IC1312,1991-03-01,91.7
IC1312,1991-06-01,93.3
IC1312,1991-09-01,93.4
IC1312,1991-12-01,95.9
IC1312,1992-03-01,97.1
IC1312,1992-06-01,92.3
IC1312,1992-09-01,93.7
IC1312,1992-12-01,92.4
IC1312,1993-03-01,92.4
IC1312,1993-06-01,100.5
IC1312,1993-09-01,102.3
IC1312,1993-12-01,101.3
IC1312,1994-03-01,100.9
IC1312,1994-06-01,103.0
IC1312,1994-09-01,102.0
IC1312,1994-12-01,103.0
IC1312,1995-03-01,108.4
IC1312,1995-06-01,112.8
IC1312,1995-09-01,105.0
IC1312,1995-12-01,106.4
IC1312,1996-03-01,104.5
IC1312,1996-06-01,104.1
IC1312,1996-09-01,103.4
IC1312,1996-12-01,101.7
IC1312,1997-03-01,97.1
IC1312,1997-06-01,98.5
IC1312,1997-09-01,98.4
IC1312,1997-12-01,91.9
IC1312,1998-03-01,88.0
IC1312,1998-06-01,86.8
IC1312,1998-09-01,84.2
IC1312,1998-12-01,92.5
IC1312,1999-03-01,95.2
IC1312,1999-06-01,93.4
IC1312,1999-09-01,96.6
IC1312,1999-12-01,101.1
IC1312,2000-03-01,99.8
IC1312,2000-06-01,100.6
IC1312,2000-09-01,100.6
IC1312,2000-12-01,99.0
IC1312,2001-03-01,95.4
IC1312,2001-06-01,92.8
IC1312,2001-09-01,92.2
IC1312,2001-12-01,91.8
IC1312,2002-03-01,89.1
IC1312,2002-06-01,92.2
IC1312,2002-09-01,95.7
IC1312,2002-12-01,102.2
IC1312,2003-03-01,103.6
IC1312,2003-06-01,101.0
IC1312,2003-09-01,108.2
IC1312,2003-12-01,107.1
IC1312,2004-03-01,107.3
IC1312,2004-06-01,106.8
IC1312,2004-09-01,107.8
IC1312,2004-12-01,112.0
IC1312,2005-03-01,113.9
IC1312,2005-06-01,112.7
IC1312,2005-09-01,114.0
IC1312,2005-12-01,112.2
IC1312,2006-01-01,110.6
IC1312,2006-02-01,111.0
IC1312,2006-03-01,111.0
IC1312,2006-04-01,110.8
IC1312,2006-05-01,111.9
IC1312,2006-06-01,112.7
IC1312,2006-07-01,111.5
IC1312,2006-08-01,110.8
IC1312,2006-09-01,110.9
IC1312,2006-10-01,110.8
IC1312,2006-11-01,110.3
IC1312,2006-12-01,110.6
IC1312,2007-01-01,110.4
IC1312,2007-02-01,109.1
IC1312,2007-03-01,109.0
IC1312,2007-04-01,109.8
IC1312,2007-05-01,109.3
IC1312,2007-06-01,108.9
IC1312,2007-07-01,108.9
IC1312,2007-08-01,110.2
IC1312,2007-09-01,110.9
IC1312,2007-10-01,111.4
IC1312,2007-11-01,112.8
IC1312,2007-12-01,116.0
IC1312,2008-01-01,116.2
IC1312,2008-02-01,116.9
IC1312,2008-03-01,118.5
IC1312,2008-04-01,120.7
IC1312,2008-05-01,122.7
IC1312,2008-06-01,123.4
IC1312,2008-07-01,125.3
IC1312,2008-08-01,124.1
IC1312,2008-09-01,123.8
IC1312,2008-10-01,122.5
IC1312,2008-11-01,122.0
IC1312,2008-12-01,118.9
IC1312,2009-01-01,117.0
IC1312,2009-02-01,114.6
IC1312,2009-03-01,112.4
IC1312,2009-04-01,110.6
IC1312,2009-05-01,108.4
IC1312,2009-06-01,109.3
IC1312,2009-07-01,108.1
IC1312,2009-08-01,108.7
IC1312,2009-09-01,110.5
IC1312,2009-10-01,120.1
IC1312,2009-11-01,127.0
IC1312,2009-12-01,136.0
IC1312,2010-01-01,131.8
IC1312,2010-02-01,131.0
IC1312,2010-03-01,133.2
IC1312,2010-04-01,134.1
IC1312,2010-05-01,136.3
IC1312,2010-06-01,137.0
IC1312,2010-07-01,136.2
IC1312,2010-08-01,137.0
IC1312,2010-09-01,137.0
IC1312,2010-10-01,137.9
IC1312,2010-11-01,140.8
IC1312,2010-12-01,141.0
IC1312,2011-01-01,139.9
IC1312,2011-02-01,142.4
IC1312,2011-03-01,142.8
IC1312,2011-04-01,142.5
IC1312,2011-05-01,148.1
IC1312,2011-06-01,148.3
IC1312,2011-07-01,147.3
IC1312,2011-08-01,146.6
IC1312,2011-09-01,146.4
IC1312,2011-10-01,147.0
IC1312,2011-11-01,146.9
IC1312,2011-12-01,144.7
IC1312,2012-01-01,140.9
IC1312,2012-02-01,138.7
IC1312,2012-03-01,141.7
IC1312,2012-04-01,145.0
IC1312,2012-05-01,145.2
IC1312,2012-06-01,149.2
IC1312,2012-07-01,147.8
IC1312,2012-08-01,147.6
IC1312,2012-09-01,150.2
IC1312,2012-10-01,151.1
IC1312,2012-11-01,154.5
IC1312,2012-12-01,154.3
IC1312,2013-01-01,151.0
IC1312,2013-02-01,149.2
IC1312,2013-03-01,148.3
IC1312,2013-04-01,148.2
IC1312,2013-05-01,146.9
IC1312,2013-06-01,145.5
IC1312,2013-07-01,145.5
IC1312,2013-08-01,145.6
IC1312,2013-09-01,146.0
IC1312,2013-10-01,147.3
IC1312,2013-11-01,148.6
IC1312,2013-12-01,148.0
IC1312,2014-01-01,145.9
IC1312,2014-02-01,144.4
IC1312,2014-03-01,146.8
IC1312,2014-04-01,146.4
IC1312,2014-05-01,147.6
IC1312,2014-06-01,147.6
IC1312,2014-07-01,147.4
IC1312,2014-08-01,147.7
IC1312,2014-09-01,147.2
IC1312,2014-10-01,146.1
IC1312,2014-11-01,145.1
IC1312,2014-12-01,142.1
IC1312,2015-01-01,145.3
IC1312,2015-02-01,145.6
IC1312,2015-03-01,147.2
IC1312,2015-04-01,148.7
IC1312,2015-05-01,147.5
IC1312,2015-06-01,145.5
IC1312,2015-07-01,140.8
IC1312,2015-08-01,137.4
IC1312,2015-09-01,134.2
IC1312,2015-10-01,140.4
IC1312,2015-11-01,141.9
IC1312,2015-12-01,138.8
IC1312,2016-01-01,132.8
IC1312,2016-02-01,130.1
IC1312,2016-03-01,127.0
IC1312,2016-04-01,130.1
IC1312,2016-05-01,125.4
IC1312,2016-06-01,122.4
IC1312,2016-07-01,124.2
IC1312,2016-08-01,127.2
IC1312,2016-09-01,128.5
IC1312,2016-10-01,142.4
IC1312,2016-11-01,144.4
IC1312,2016-12-01,145.0
IC1312,2017-01-01,141.0
IC1312,2017-02-01,139.6
IC1312,2017-03-01,140.6
IC1312,2017-04-01,142.6
IC1312,2017-05-01,143.5
IC1312,2017-06-01,143.8
IC1312,2017-07-01,158.5
IC1312,2017-08-01,159.2
IC1312,2017-09-01,159.4
IC1312,2017-10-01,155.7
IC1312,2017-11-01,170.5
IC1312,2017-12-01,163.4
IC1312,2018-01-01,159.0
IC1312,2018-02-01,147.8
IC1312,2018-03-01,151.6
IC1312,2018-04-01,163.2
IC1312,2018-05-01,166.5
IC1312,2018-06-01,167.4
IC1312,2018-07-01,162.7
IC1312,2018-08-01,161.5
IC1312,2018-09-01,164.5
IC1312,2018-10-01,168.1
IC1312,2018-11-01,171.1
IC1312,2018-12-01,166.2
IC1312,2019-01-01,162.7
IC1312,2019-02-01,152.1
IC1312,2019-03-01,153.3
IC1312,2019-04-01,152.9
IC1312,2019-05-01,155.5
IC1312,2019-06-01,155.8
IC1312,2019-07-01,153.3
IC1312,2019-08-01,147.9
IC1312,2019-09-01,146.0
IC1312,2019-10-01,148.9
IC1312,2019-11-01,152.7
IC1312,2019-12-01,155.6
IC1312,2020-01-01,151.5
IC1312,2020-02-01,155.0
IC1312,2020-03-01,157.7
IC1312,2020-04-01,201.6
IC1312,2020-05-01,264.9
IC1312,2020-06-01,253.6
IC1312,2020-07-01,213.7
IC1312,2020-08-01,218.9
IC1312,2020-09-01,209.0
IC1312,2020-10-01,211.7
IC1312,2020-11-01,234.5
IC1312,2020-12-01,258.3
IC1312,2021-01-01,248.5
IC1312,2021-02-01,247.0
IC1312,2021-03-01,237.3
IC1312,2021-04-01,246.0
IC1312,2021-05-01,268.4
IC1312,2021-06-01,278.9
IC1312,2021-07-01,255.2
IC1312,2021-08-01,254.9
IC1312,2021-09-01,268.6
IC1312,2021-10-01,280.9
IC1312,2021-11-01,301.4
IC1312,2021-12-01,282.0
IC1312,2022-01-01,312.2
IC1312,2022-02-01,276.7
IC1312,2022-03-01,273.5
IC1312,2022-04-01,257.5
IC1312,2022-05-01,269.2
IC1312,2022-06-01,271.4
IC1312,2022-07-01,245.9
IC1312,2022-08-01,248.4
IC1312,2022-09-01,237.9
IC1312,2022-10-01,210.5
IC1312,2022-11-01,182.1
IC1312,2022-12-01,183.7
IC1312,2023-01-01,165.4
IC1312,2023-02-01,156.8
IC1312,2023-03-01,145.7
IC1312,2023-04-01,152.3
IC1312,2023-05-01,147.5
IC1312,2023-06-01,149.0
IC1312,2023-07-01,155.7
IC1312,2023-08-01,142.7
IC1312,2023-09-01,157.1
IC1312,2023-10-01,157.1
IC1312,2023-11-01,174.6
IC1312,2023-12-01,188.6
IC1312,2024-01-01,156.6
IC1312,2024-02-01,151.6
IC1312,2024-03-01,157.9
IC1312,2024-04-01,170.8
IC1312,2024-05-01,164.2
IC1312,2024-06-01,169.7
IC1312,2024-07-01,180.2
IC1312,2024-08-01,186.4
IC1312,2024-09-01,199.2
IC1312,2024-10-01,218.0
IC1312,2024-11-01,202.7
IC1312,2024-12-01,205.5
IC1312,2025-01-01,192.9
IC1312,2025-02-01,167.9
IC1312,2025-03-01,173.1
IC1312,2025-04-01,177.6
IC1312,2025-05-01,166.2
IC1312,2025-06-01,169.6
IC1312,2025-07-01,165.3
IC1312,2025-08-01,166.5
IC1312,2025-09-01,166.7
IC1312,2025-11-01,182.5
IC1312,2025-12-01,190.0
IC1312,2026-01-01,173.4
IC1312,2026-02-01,170.5
IC1312,2026-03-01,164.4
IC1312,2026-04-01,184.6
IC1312,2026-05-01,216.6
IC1312,2026-06-01,211.4
IC1312,2026-07-01,200.6
IC1312,2026-08-01,206.1
IS231,1992-09-01,109.9
IS231,1992-12-01,108.6
IS231,1993-03-01,106.9
IS231,1993-06-01,106.1
IS231,1993-09-01,105.0
IS231,1993-12-01,105.9
IS231,1994-03-01,106.0
IS231,1994-06-01,105.7
IS231,1994-09-01,105.6
IS231,1994-12-01,106.9
IS231,1995-03-01,108.2
IS231,1995-06-01,108.1
IS231,1995-09-01,108.6
IS231,1995-12-01,107.8
IS231,1996-03-01,107.3
IS231,1996-06-01,107.6
IS231,1996-09-01,107.0
IS231,1996-12-01,107.3
IS231,1997-03-01,108.0
IS231,1997-06-01,107.3
IS231,1997-09-01,107.7
IS231,1997-12-01,105.7
IS231,1998-03-01,105.2
IS231,1998-06-01,103.8
IS231,1998-09-01,103.7
IS231,1998-12-01,103.0
IS231,1999-03-01,100.3
IS231,1999-06-01,100.4
IS231,1999-09-01,100.3
IS231,1999-12-01,99.2
IS231,2000-03-01,99.2
IS231,2000-06-01,100.3
IS231,2000-09-01,100.2
IS231,2000-12-01,100.2
IS231,2001-03-01,100.1
IS231,2001-06-01,98.0
IS231,2001-09-01,97.6
IS231,2001-12-01,97.8
IS231,2002-03-01,95.9
IS231,2002-06-01,98.4
IS231,2002-09-01,97.3
IS231,2002-12-01,95.4
IS231,2003-03-01,97.2
IS231,2003-06-01,95.4
IS231,2003-09-01,95.5
IS231,2003-12-01,94.9
IS231,2004-03-01,96.1
IS231,2004-06-01,99.0
IS231,2004-09-01,100.7
IS231,2004-12-01,104.7
IS231,2005-03-01,103.8
IS231,2005-06-01,107.2
IS231,2005-09-01,112.4
IS231,2005-12-01,112.0
IS231,2006-01-01,111.4
IS231,2006-02-01,113.0
IS231,2006-03-01,113.5
IS231,2006-04-01,113.6
IS231,2006-05-01,115.6
IS231,2006-06-01,117.2
IS231,2006-07-01,116.6
IS231,2006-08-01,116.1
IS231,2006-09-01,116.9
IS231,2006-10-01,115.8
IS231,2006-11-01,114.2
IS231,2006-12-01,113.8
IS231,2007-01-01,113.3
IS231,2007-02-01,112.4
IS231,2007-03-01,112.3
IS231,2007-04-01,113.2
IS231,2007-05-01,114.3
IS231,2007-06-01,114.3
IS231,2007-07-01,114.9
IS231,2007-08-01,116.2
IS231,2007-09-01,117.0
IS231,2007-10-01,118.9
IS231,2007-11-01,121.0
IS231,2007-12-01,124.3
IS231,2008-01-01,126.7
IS231,2008-02-01,127.1
IS231,2008-03-01,128.9
IS231,2008-04-01,132.1
IS231,2008-05-01,137.1
IS231,2008-06-01,143.7
IS231,2008-07-01,149.1
IS231,2008-08-01,149.6
IS231,2008-09-01,147.0
IS231,2008-10-01,142.3
IS231,2008-11-01,138.7
IS231,2008-12-01,130.4
IS231,2009-01-01,125.2
IS231,2009-02-01,122.2
IS231,2009-03-01,119.7
IS231,2009-04-01,115.4
IS231,2009-05-01,112.7
IS231,2009-06-01,112.1
IS231,2009-07-01,112.4
IS231,2009-08-01,111.0
IS231,2009-09-01,111.9
IS231,2009-10-01,112.4
IS231,2009-11-01,113.3
IS231,2009-12-01,114.6
IS231,2010-01-01,115.5
IS231,2010-02-01,116.3
IS231,2010-03-01,118.1
IS231,2010-04-01,119.2
IS231,2010-05-01,120.9
IS231,2010-06-01,122.4
IS231,2010-07-01,121.6
IS231,2010-08-01,121.7
IS231,2010-09-01,122.8
IS231,2010-10-01,124.4
IS231,2010-11-01,124.7
IS231,2010-12-01,126.2
IS231,2011-01-01,129.8
IS231,2011-02-01,132.4
IS231,2011-03-01,136.4
IS231,2011-04-01,139.6
IS231,2011-05-01,143.5
IS231,2011-06-01,142.1
IS231,2011-07-01,141.7
IS231,2011-08-01,143.6
IS231,2011-09-01,143.9
IS231,2011-10-01,144.5
IS231,2011-11-01,143.6
IS231,2011-12-01,144.6
IS231,2012-01-01,144.1
IS231,2012-02-01,144.6
IS231,2012-03-01,146.3
IS231,2012-04-01,150.0
IS231,2012-05-01,150.3
IS231,2012-06-01,148.9
IS231,2012-07-01,144.8
IS231,2012-08-01,144.8
IS231,2012-09-01,146.8
IS231,2012-10-01,147.3
IS231,2012-11-01,149.2
IS231,2012-12-01,148.0
IS231,2013-01-01,147.8
IS231,2013-02-01,147.9
IS231,2013-03-01,148.5
IS231,2013-04-01,148.6
IS231,2013-05-01,147.3
IS231,2013-06-01,145.4
IS231,2013-07-01,145.4
IS231,2013-08-01,145.6
IS231,2013-09-01,145.8
IS231,2013-10-01,146.2
IS231,2013-11-01,146.6
IS231,2013-12-01,146.7
IS231,2014-01-01,148.0
IS231,2014-02-01,148.0
IS231,2014-03-01,148.6
IS231,2014-04-01,148.3
IS231,2014-05-01,153.0
IS231,2014-06-01,153.1
IS231,2014-07-01,153.1
IS231,2014-08-01,153.1
IS231,2014-09-01,153.0
IS231,2014-10-01,153.0
IS231,2014-11-01,152.8
IS231,2014-12-01,152.3
IS231,2015-01-01,151.3
IS231,2015-02-01,149.9
IS231,2015-03-01,149.0
IS231,2015-04-01,145.7
IS231,2015-05-01,149.1
IS231,2015-06-01,148.7
IS231,2015-07-01,150.8
IS231,2015-08-01,149.3
IS231,2015-09-01,148.4
IS231,2015-10-01,145.7
IS231,2015-11-01,144.7
IS231,2015-12-01,144.3
IS231,2016-01-01,144.5
IS231,2016-02-01,146.0
IS231,2016-03-01,141.0
IS231,2016-04-01,138.2
IS231,2016-05-01,138.4
IS231,2016-06-01,138.0
IS231,2016-07-01,137.2
IS231,2016-08-01,136.8
IS231,2016-09-01,136.9
IS231,2016-10-01,137.1
IS231,2016-11-01,136.4
IS231,2016-12-01,136.5
IS231,2017-01-01,139.8
IS231,2017-02-01,138.9
IS231,2017-03-01,139.4
IS231,2017-04-01,137.1
IS231,2017-05-01,139.5
IS231,2017-06-01,141.0
IS231,2017-07-01,143.1
IS231,2017-08-01,141.0
IS231,2017-09-01,139.0
IS231,2017-10-01,140.4
IS231,2017-11-01,142.4
IS231,2017-12-01,140.9
IS231,2018-01-01,140.6
IS231,2018-02-01,137.6
IS231,2018-03-01,142.3
IS231,2018-04-01,142.2
IS231,2018-05-01,140.2
IS231,2018-06-01,139.6
IS231,2018-07-01,144.5
IS231,2018-08-01,149.3
IS231,2018-09-01,145.1
IS231,2018-10-01,144.3
IS231,2018-11-01,146.4
IS231,2018-12-01,146.0
IS231,2019-01-01,144.2
IS231,2019-02-01,144.5
IS231,2019-03-01,145.2
IS231,2019-04-01,144.3
IS231,2019-05-01,144.8
IS231,2019-06-01,144.8
IS231,2019-07-01,148.6
IS231,2019-08-01,146.4
IS231,2019-09-01,141.8
IS231,2019-10-01,143.2
IS231,2019-11-01,146.3
IS231,2019-12-01,147.6
IS231,2020-01-01,149.9
IS231,2020-02-01,190.1
IS231,2020-03-01,153.7
IS231,2020-04-01,157.4
IS231,2020-05-01,158.4
IS231,2020-06-01,149.8
IS231,2020-07-01,150.6
IS231,2020-08-01,150.4
IS231,2020-09-01,144.0
IS231,2020-10-01,137.4
IS231,2020-11-01,144.1
IS231,2020-12-01,151.4
IS231,2021-01-01,151.2
IS231,2021-02-01,163.4
IS231,2021-03-01,164.0
IS231,2021-04-01,162.2
IS231,2021-05-01,149.2
IS231,2021-06-01,141.9
IS231,2021-07-01,147.5
IS231,2021-08-01,241.3
IS231,2021-09-01,150.2
IS231,2021-10-01,152.3
IS231,2021-11-01,200.4
IS231,2021-12-01,211.6
IS231,2022-01-01,223.0
IS231,2022-02-01,205.1
IS231,2022-03-01,211.7
IS231,2022-04-01,222.7
IS231,2022-05-01,219.8
IS231,2022-06-01,227.9
IS231,2022-07-01,217.3
IS231,2022-08-01,217.1
IS231,2022-09-01,230.8
IS231,2022-10-01,228.1
IS231,2022-11-01,195.2
IS231,2022-12-01,203.5
IS231,2023-01-01,193.8
IS231,2023-02-01,212.1
IS231,2023-03-01,195.9
IS231,2023-04-01,184.1
IS231,2023-05-01,175.0
IS231,2023-06-01,179.6
IS231,2023-07-01,167.2
IS231,2023-08-01,167.0
IS231,2023-09-01,180.3
IS231,2023-10-01,180.6
IS231,2023-11-01,177.2
IS231,2023-12-01,175.2
IS231,2024-01-01,167.4
IS231,2024-02-01,170.9
IS231,2024-03-01,168.2
IS231,2024-04-01,166.7
IS231,2024-05-01,165.5
IS231,2024-06-01,169.5
IS231,2024-07-01,169.7
IS231,2024-08-01,170.1
IS231,2024-09-01,167.2
IS231,2024-10-01,169.1
IS231,2024-11-01,172.8
IS231,2024-12-01,165.8
IS231,2025-01-01,170.5
IS231,2025-02-01,168.4
IS231,2025-03-01,168.5
IS231,2025-04-01,167.3
IS231,2025-05-01,163.4
IS231,2025-06-01,162.5
IS231,2025-07-01,159.4
IS231,2025-08-01,159.4
IS231,2025-09-01,158.3
IS231,2025-11-01,154.8
IS231,2025-12-01,155.6
IS231,2026-01-01,159.0
IS231,2026-02-01,159.9
IS231,2026-03-01,158.0
IS231,2026-04-01,181.8
IS231,2026-05-01,190.3
IS231,2026-06-01,185.4
IS231,2026-07-01,189.8
IS231,2026-08-01,191.4
IS2311,2003-12-01,100.0
IS2311,2004-03-01,101.8
IS2311,2004-06-01,106.7
IS2311,2004-09-01,108.6
IS2311,2004-12-01,112.9
IS2311,2005-03-01,114.2
IS2311,2005-06-01,118.9
IS2311,2005-09-01,126.1
IS2311,2005-12-01,126.4
IS2311,2006-01-01,125.0
IS2311,2006-02-01,127.3
IS2311,2006-03-01,127.4
IS2311,2006-04-01,128.1
IS2311,2006-05-01,132.1
IS2311,2006-06-01,134.0
IS2311,2006-07-01,132.1
IS2311,2006-08-01,132.5
IS2311,2006-09-01,132.6
IS2311,2006-10-01,130.9
IS2311,2006-11-01,128.9
IS2311,2006-12-01,128.9
IS2311,2007-01-01,127.6
IS2311,2007-02-01,126.7
IS2311,2007-03-01,126.6
IS2311,2007-04-01,127.8
IS2311,2007-05-01,129.0
IS2311,2007-06-01,129.5
IS2311,2007-07-01,130.3
IS2311,2007-08-01,131.4
IS2311,2007-09-01,131.6
IS2311,2007-10-01,134.0
IS2311,2007-11-01,137.6
IS2311,2007-12-01,141.4
IS2311,2008-01-01,144.9
IS2311,2008-02-01,144.8
IS2311,2008-03-01,145.9
IS2311,2008-04-01,151.3
IS2311,2008-05-01,156.4
IS2311,2008-06-01,164.4
IS2311,2008-07-01,169.6
IS2311,2008-08-01,172.2
IS2311,2008-09-01,168.3
IS2311,2008-10-01,161.5
IS2311,2008-11-01,158.0
IS2311,2008-12-01,152.1
IS2311,2009-01-01,147.1
IS2311,2009-02-01,143.2
IS2311,2009-03-01,141.8
IS2311,2009-04-01,134.1
IS2311,2009-05-01,132.1
IS2311,2009-06-01,127.6
IS2311,2009-07-01,127.6
IS2311,2009-08-01,128.0
IS2311,2009-09-01,129.4
IS2311,2009-10-01,129.4
IS2311,2009-11-01,129.7
IS2311,2009-12-01,131.8
IS2311,2010-01-01,134.0
IS2311,2010-02-01,134.5
IS2311,2010-03-01,136.2
IS2311,2010-04-01,139.0
IS2311,2010-05-01,139.6
IS2311,2010-06-01,142.3
IS2311,2010-07-01,141.3
IS2311,2010-08-01,141.6
IS2311,2010-09-01,141.3
IS2311,2010-10-01,143.8
IS2311,2010-11-01,144.3
IS2311,2010-12-01,146.8
IS2311,2011-01-01,148.9
IS2311,2011-02-01,151.0
IS2311,2011-03-01,155.4
IS2311,2011-04-01,158.3
IS2311,2011-05-01,159.6
IS2311,2011-06-01,158.6
IS2311,2011-07-01,158.4
IS2311,2011-08-01,161.2
IS2311,2011-09-01,160.4
IS2311,2011-10-01,163.8
IS2311,2011-11-01,163.3
IS2311,2011-12-01,163.0
IS2311,2012-01-01,162.3
IS2311,2012-02-01,163.4
IS2311,2012-03-01,165.3
IS2311,2012-04-01,165.7
IS2311,2012-05-01,166.8
IS2311,2012-06-01,164.9
IS2311,2012-07-01,163.0
IS2311,2012-08-01,163.2
IS2311,2012-09-01,164.3
IS2311,2012-10-01,162.2
IS2311,2012-11-01,162.7
IS2311,2012-12-01,161.7
IS2311,2013-01-01,161.6
IS2311,2013-02-01,161.6
IS2311,2013-03-01,161.1
IS2311,2013-04-01,160.9
IS2311,2013-05-01,160.6
IS2311,2013-06-01,160.5
IS2311,2013-07-01,159.9
IS2311,2013-08-01,159.9
IS2311,2013-09-01,160.3
IS2311,2013-10-01,161.0
IS2311,2013-11-01,163.9
IS2311,2013-12-01,163.9
IS2311,2014-01-01,165.8
IS2311,2014-02-01,165.8
IS2311,2014-03-01,165.8
IS2311,2014-04-01,165.7
IS2311,2014-05-01,171.6
IS2311,2014-06-01,171.9
IS2311,2014-07-01,171.9
IS2311,2014-08-01,171.9
IS2311,2014-09-01,171.9
IS2311,2014-10-01,172.1
IS2311,2014-11-01,172.1
IS2311,2014-12-01,172.1
IS2311,2015-01-01,170.6
IS2311,2015-02-01,170.5
IS2311,2015-03-01,169.6
IS2311,2015-04-01,158.2
IS2311,2015-05-01,158.1
IS2311,2015-06-01,158.1
IS2311,2015-07-01,158.4
IS2311,2015-08-01,159.7
IS2311,2015-09-01,159.2
IS2311,2015-10-01,158.4
IS2311,2015-11-01,157.0
IS2311,2015-12-01,157.8
IS2311,2016-01-01,158.0
IS2311,2016-02-01,158.3
IS2311,2016-03-01,151.6
IS2311,2016-04-01,142.4
IS2311,2016-05-01,142.4
IS2311,2016-06-01,141.0
IS2311,2016-07-01,141.6
IS2311,2016-08-01,142.1
IS2311,2016-09-01,143.5
IS2311,2016-10-01,143.5
IS2311,2016-11-01,143.3
IS2311,2016-12-01,143.2
IS2311,2017-01-01,145.9
IS2311,2017-02-01,143.6
IS2311,2017-03-01,144.4
IS2311,2017-04-01,145.4
IS2311,2017-05-01,145.4
IS2311,2017-06-01,145.4
IS2311,2017-07-01,146.0
IS2311,2017-08-01,146.0
IS2311,2017-09-01,143.8
IS2311,2017-10-01,143.8
IS2311,2017-11-01,147.5
IS2311,2017-12-01,144.7
IS2311,2018-01-01,144.7
IS2311,2018-02-01,144.3
IS2311,2018-03-01,147.7
IS2311,2018-04-01,148.0
IS2311,2018-05-01,148.6
IS2311,2018-06-01,148.9
IS2311,2018-07-01,147.9
IS2311,2018-08-01,148.1
IS2311,2018-09-01,149.0
IS2311,2018-10-01,149.7
IS2311,2018-11-01,149.4
IS2311,2018-12-01,149.0
IS2311,2019-01-01,152.1
IS2311,2019-02-01,150.7
IS2311,2019-03-01,152.3
IS2311,2019-04-01,153.6
IS2311,2019-05-01,155.0
IS2311,2019-06-01,154.5
IS2311,2019-07-01,155.1
IS2311,2019-08-01,154.7
IS2311,2019-09-01,154.7
IS2311,2019-10-01,154.9
IS2311,2019-11-01,156.5
IS2311,2019-12-01,158.6
IS2311,2020-01-01,162.3
IS2311,2020-02-01,161.0
IS2311,2020-03-01,161.1
IS2311,2020-04-01,176.3
IS2311,2020-05-01,176.3
IS2311,2020-06-01,176.3
IS2311,2020-07-01,176.5
IS2311,2020-08-01,176.7
IS2311,2020-09-01,171.5
IS2311,2020-10-01,145.4
IS2311,2020-11-01,157.1
IS2311,2020-12-01,167.3
IS2311,2021-01-01,160.7
IS2311,2021-02-01,172.0
IS2311,2021-03-01,172.4
IS2311,2021-04-01,162.0
IS2311,2021-05-01,163.0
IS2311,2021-06-01,164.0
IS2311,2021-07-01,164.5
IS2311,2021-08-01,164.4
IS2311,2021-09-01,167.7
IS2311,2021-10-01,168.5
IS2311,2021-11-01,163.6
IS2311,2021-12-01,180.2
IS2311,2022-01-01,169.0
IS2311,2022-02-01,191.9
IS2311,2022-03-01,181.8
IS2311,2022-04-01,208.9
IS2311,2022-05-01,210.1
IS2311,2022-06-01,202.8
IS2311,2022-07-01,208.5
IS2311,2022-08-01,196.8
IS2311,2022-09-01,194.6
IS2311,2022-10-01,194.7
IS2311,2022-11-01,191.3
IS2311,2022-12-01,194.8
IS2311,2023-01-01,194.1
IS2311,2023-02-01,196.8
IS2311,2023-03-01,189.2
IS2311,2023-04-01,174.7
IS2311,2023-05-01,169.2
IS2311,2023-06-01,170.7
IS2311,2023-07-01,173.5
IS2311,2023-08-01,172.1
IS2311,2023-09-01,173.6
IS2311,2023-10-01,168.4
IS2311,2023-11-01,164.7
IS2311,2023-12-01,163.3
IS2311,2024-01-01,162.3
IS2311,2024-02-01,164.0
IS2311,2024-03-01,165.6
IS2311,2024-04-01,158.3
IS2311,2024-05-01,158.7
IS2311,2024-06-01,160.4
IS2311,2024-07-01,175.5
IS2311,2024-08-01,162.6
IS2311,2024-09-01,159.9
IS2311,2024-10-01,160.0
IS2311,2024-11-01,163.4
IS2311,2024-12-01,159.4
IS2311,2025-01-01,169.7
IS2311,2025-02-01,169.2
IS2311,2025-03-01,168.7
IS2311,2025-04-01,163.1
IS2311,2025-05-01,168.0
IS2311,2025-06-01,162.5
IS2311,2025-07-01,162.4
IS2311,2025-08-01,164.5
IS2311,2025-09-01,165.7
IS2311,2025-11-01,157.4
IS2311,2025-12-01,158.5
IS2311,2026-01-01,167.0
IS2311,2026-02-01,164.8
IS2311,2026-03-01,157.4
IS2311,2026-04-01,173.5
IS2311,2026-05-01,195.8
IS2311,2026-06-01,188.2
IS2311,2026-07-01,190.7
IS2311,2026-08-01,193.3
IS2312,1992-09-01,120.9
IS2312,1992-12-01,118.6
IS2312,1993-03-01,117.9
IS2312,1993-06-01,116.7
IS2312,1993-09-01,115.9
IS2312,1993-12-01,116.1
IS2312,1994-03-01,115.9
IS2312,1994-06-01,115.5
IS2312,1994-09-01,115.4
IS2312,1994-12-01,116.7
IS2312,1995-03-01,116.7
IS2312,1995-06-01,117.6
IS2312,1995-09-01,116.6
IS2312,1995-12-01,117.6
IS2312,1996-03-01,117.9
IS2312,1996-06-01,118.0
IS2312,1996-09-01,116.9
IS2312,1996-12-01,117.3
IS2312,1997-03-01,117.5
IS2312,1997-06-01,117.1
IS2312,1997-09-01,116.8
IS2312,1997-12-01,112.8
IS2312,1998-03-01,111.8
IS2312,1998-06-01,108.2
IS2312,1998-09-01,107.1
IS2312,1998-12-01,105.1
IS2312,1999-03-01,99.9
IS2312,1999-06-01,99.9
IS2312,1999-09-01,99.5
IS2312,1999-12-01,99.4
IS2312,2000-03-01,99.2
IS2312,2000-06-01,100.3
IS2312,2000-09-01,100.1
IS2312,2000-12-01,100.3
IS2312,2001-03-01,100.4
IS2312,2001-06-01,98.4
IS2312,2001-09-01,98.2
IS2312,2001-12-01,98.1
IS2312,2002-03-01,95.5
IS2312,2002-06-01,98.7
IS2312,2002-09-01,96.5
IS2312,2002-12-01,95.1
IS2312,2003-03-01,97.6
IS2312,2003-06-01,95.3
IS2312,2003-09-01,95.7
IS2312,2003-12-01,95.4
IS2312,2004-03-01,96.0
IS2312,2004-06-01,97.6
IS2312,2004-09-01,98.5
IS2312,2004-12-01,103.7
IS2312,2005-03-01,100.5
IS2312,2005-06-01,102.6
IS2312,2005-09-01,106.4
IS2312,2005-12-01,104.9
IS2312,2006-01-01,104.7
IS2312,2006-02-01,105.2
IS2312,2006-03-01,105.9
IS2312,2006-04-01,105.7
IS2312,2006-05-01,107.4
IS2312,2006-06-01,109.2
IS2312,2006-07-01,109.4
IS2312,2006-08-01,108.0
IS2312,2006-09-01,107.4
IS2312,2006-10-01,106.6
IS2312,2006-11-01,104.9
IS2312,2006-12-01,104.1
IS2312,2007-01-01,103.8
IS2312,2007-02-01,103.0
IS2312,2007-03-01,102.9
IS2312,2007-04-01,103.5
IS2312,2007-05-01,104.6
IS2312,2007-06-01,104.4
IS2312,2007-07-01,104.6
IS2312,2007-08-01,105.9
IS2312,2007-09-01,105.7
IS2312,2007-10-01,106.7
IS2312,2007-11-01,108.0
IS2312,2007-12-01,110.9
IS2312,2008-01-01,112.6
IS2312,2008-02-01,113.3
IS2312,2008-03-01,115.7
IS2312,2008-04-01,117.3
IS2312,2008-05-01,122.6
IS2312,2008-06-01,128.8
IS2312,2008-07-01,134.4
IS2312,2008-08-01,133.1
IS2312,2008-09-01,131.6
IS2312,2008-10-01,127.7
IS2312,2008-11-01,124.0
IS2312,2008-12-01,113.9
IS2312,2009-01-01,108.2
IS2312,2009-02-01,107.8
IS2312,2009-03-01,105.1
IS2312,2009-04-01,103.7
IS2312,2009-05-01,100.6
IS2312,2009-06-01,102.7
IS2312,2009-07-01,102.3
IS2312,2009-08-01,102.2
IS2312,2009-09-01,102.8
IS2312,2009-10-01,103.0
IS2312,2009-11-01,104.1
IS2312,2009-12-01,105.1
IS2312,2010-01-01,105.8
IS2312,2010-02-01,106.9
IS2312,2010-03-01,108.4
IS2312,2010-04-01,107.9
IS2312,2010-05-01,110.0
IS2312,2010-06-01,110.9
IS2312,2010-07-01,110.1
IS2312,2010-08-01,110.2
IS2312,2010-09-01,111.6
IS2312,2010-10-01,113.1
IS2312,2010-11-01,113.3
IS2312,2010-12-01,114.3
IS2312,2011-01-01,119.3
IS2312,2011-02-01,122.7
IS2312,2011-03-01,126.5
IS2312,2011-04-01,130.8
IS2312,2011-05-01,136.2
IS2312,2011-06-01,134.5
IS2312,2011-07-01,134.1
IS2312,2011-08-01,136.0
IS2312,2011-09-01,137.2
IS2312,2011-10-01,135.0
IS2312,2011-11-01,133.7
IS2312,2011-12-01,135.2
IS2312,2012-01-01,135.0
IS2312,2012-02-01,135.3
IS2312,2012-03-01,137.2
IS2312,2012-04-01,143.5
IS2312,2012-05-01,143.5
IS2312,2012-06-01,142.5
IS2312,2012-07-01,136.5
IS2312,2012-08-01,136.3
IS2312,2012-09-01,138.7
IS2312,2012-10-01,139.9
IS2312,2012-11-01,143.1
IS2312,2012-12-01,141.6
IS2312,2013-01-01,141.1
IS2312,2013-02-01,141.3
IS2312,2013-03-01,142.8
IS2312,2013-04-01,142.9
IS2312,2013-05-01,141.0
IS2312,2013-06-01,138.4
IS2312,2013-07-01,138.8
IS2312,2013-08-01,139.1
IS2312,2013-09-01,139.0
IS2312,2013-10-01,139.5
IS2312,2013-11-01,138.9
IS2312,2013-12-01,139.2
IS2312,2014-01-01,140.3
IS2312,2014-02-01,140.5
IS2312,2014-03-01,141.5
IS2312,2014-04-01,141.0
IS2312,2014-05-01,145.1
IS2312,2014-06-01,145.2
IS2312,2014-07-01,145.0
IS2312,2014-08-01,145.0
IS2312,2014-09-01,144.9
IS2312,2014-10-01,144.9
IS2312,2014-11-01,144.6
IS2312,2014-12-01,143.8
IS2312,2015-01-01,142.2
IS2312,2015-02-01,141.0
IS2312,2015-03-01,140.4
IS2312,2015-04-01,141.0
IS2312,2015-05-01,141.8
IS2312,2015-06-01,142.0
IS2312,2015-07-01,146.2
IS2312,2015-08-01,143.4
IS2312,2015-09-01,142.6
IS2312,2015-10-01,137.4
IS2312,2015-11-01,135.5
IS2312,2015-12-01,134.2
IS2312,2016-01-01,134.2
IS2312,2016-02-01,137.5
IS2312,2016-03-01,131.6
IS2312,2016-04-01,131.6
IS2312,2016-05-01,131.6
IS2312,2016-06-01,131.6
IS2312,2016-07-01,129.8
IS2312,2016-08-01,128.5
IS2312,2016-09-01,128.2
IS2312,2016-10-01,128.7
IS2312,2016-11-01,128.6
IS2312,2016-12-01,128.7
IS2312,2017-01-01,133.8
IS2312,2017-02-01,134.0
IS2312,2017-03-01,134.4
IS2312,2017-04-01,129.0
IS2312,2017-05-01,134.1
IS2312,2017-06-01,137.4
IS2312,2017-07-01,141.4
IS2312,2017-08-01,137.0
IS2312,2017-09-01,133.7
IS2312,2017-10-01,134.0
IS2312,2017-11-01,136.8
IS2312,2017-12-01,136.5
IS2312,2018-01-01,136.7
IS2312,2018-02-01,130.2
IS2312,2018-03-01,137.7
IS2312,2018-04-01,137.1
IS2312,2018-05-01,132.0
IS2312,2018-06-01,131.2
IS2312,2018-07-01,142.3
IS2312,2018-08-01,153.2
IS2312,2018-09-01,142.9
IS2312,2018-10-01,140.3
IS2312,2018-11-01,144.9
IS2312,2018-12-01,144.9
IS2312,2019-01-01,138.6
IS2312,2019-02-01,140.5
IS2312,2019-03-01,140.5
IS2312,2019-04-01,137.5
IS2312,2019-05-01,137.5
IS2312,2019-06-01,138.0
IS2312,2019-07-01,146.5
IS2312,2019-08-01,141.0
IS2312,2019-09-01,131.5
IS2312,2019-10-01,133.9
IS2312,2019-11-01,139.7
IS2312,2019-12-01,141.1
IS2312,2020-01-01,143.0
IS2312,2020-02-01,227.5
IS2312,2020-03-01,152.2
IS2312,2020-04-01,151.5
IS2312,2020-05-01,153.2
IS2312,2020-06-01,134.9
IS2312,2020-07-01,137.0
IS2312,2020-08-01,135.3
IS2312,2020-09-01,126.7
IS2312,2020-10-01,131.8
IS2312,2020-11-01,136.1
IS2312,2020-12-01,144.7
IS2312,2021-01-01,144.7
IS2312,2021-02-01,163.4
IS2312,2021-03-01,164.9
IS2312,2021-04-01,165.7
IS2312,2021-05-01,139.6
IS2312,2021-06-01,124.1
IS2312,2021-07-01,133.7
IS2312,2021-08-01,322.6
IS2312,2021-09-01,136.9
IS2312,2021-10-01,140.3
IS2312,2021-11-01,239.7
IS2312,2021-12-01,253.1
IS2312,2022-01-01,277.4
IS2312,2022-02-01,225.0
IS2312,2022-03-01,244.6
IS2312,2022-04-01,250.1
IS2312,2022-05-01,239.3
IS2312,2022-06-01,260.4
IS2312,2022-07-01,236.4
IS2312,2022-08-01,242.5
IS2312,2022-09-01,270.2
IS2312,2022-10-01,271.1
IS2312,2022-11-01,211.8
IS2312,2022-12-01,228.8
IS2312,2023-01-01,207.4
IS2312,2023-02-01,241.1
IS2312,2023-03-01,215.7
IS2312,2023-04-01,203.3
IS2312,2023-05-01,188.8
IS2312,2023-06-01,201.7
IS2312,2023-07-01,175.2
IS2312,2023-08-01,175.3
IS2312,2023-09-01,198.1
IS2312,2023-10-01,203.2
IS2312,2023-11-01,199.2
IS2312,2023-12-01,197.6
IS2312,2024-01-01,179.2
IS2312,2024-02-01,186.8
IS2312,2024-03-01,179.4
IS2312,2024-04-01,182.1
IS2312,2024-05-01,179.2
IS2312,2024-06-01,187.3
IS2312,2024-07-01,172.9
IS2312,2024-08-01,186.7
IS2312,2024-09-01,182.5
IS2312,2024-10-01,186.1
IS2312,2024-11-01,192.0
IS2312,2024-12-01,175.6
IS2312,2025-01-01,182.8
IS2312,2025-02-01,177.4
IS2312,2025-03-01,177.9
IS2312,2025-04-01,178.5
IS2312,2025-05-01,163.4
IS2312,2025-06-01,172.6
IS2312,2025-07-01,163.4
IS2312,2025-08-01,161.7
IS2312,2025-09-01,156.3
IS2312,2025-11-01,155.1
IS2312,2025-12-01,155.6
IS2312,2026-01-01,155.7
IS2312,2026-02-01,159.5
IS2312,2026-03-01,160.7
IS2312,2026-04-01,176.8
IS2312,2026-05-01,177.3
IS2312,2026-06-01,174.5
IS2312,2026-07-01,183.2
IS2312,2026-08-01,182.9
