release_date,url,page_sha256,page_bytes,table_sha256,retrieved_at
2010-03-16,https://www.bls.gov/news.release/archives/ximpim_03162010.htm,feed7625d9ce469bbc4264f4f8be7c2c15b2030497ff48806bd3ae1c8eaa8e0a,239701,c281e18815dbbfdaf0d73799814a447d991f2d40a4d1385d1e293cde5a6211d9,2026-10-07T05:47:45Z
2010-04-13,https://www.bls.gov/news.release/archives/ximpim_04132010.htm,ac079623b040caa5c5504c58b2a8c26b8a69f89903c362f472c1a6cc04a729b8,239656,f5a037ba23078f4348ad52be908018263d88fcbf8fdc45955a7c01856d9f558c,2026-10-07T05:47:49Z
2010-05-13,https://www.bls.gov/news.release/archives/ximpim_05132010.htm,89c6e70f1c1302579aab3689c608124715e00d34ff79c5e3e9e567971fde6d64,241327,754f515dab74dc4acecdb8558a41ce245dc4e4be765a61cd70c1bed6fabc657d,2026-10-07T05:47:52Z
2010-06-15,https://www.bls.gov/news.release/archives/ximpim_06152010.htm,54759bff35e34b9d959f93c0ee621eba5e647639d408e4c09f136ceeb8659dd8,241122,e920e23ea0226dcb000509c9e64da0c1ae6d4bf0cb198401fe78d54a2aa43b2b,2026-10-07T05:47:55Z
2010-07-14,https://www.bls.gov/news.release/archives/ximpim_07142010.htm,7ec81582d98a130e1339d82da7c8257832e0dc81adfcab6d08baf6e72c60a2f3,241294,a04d6e9bfdaef9870e3dc701cb5356f79ae7ca9253e4ed5fa90fb558be4b42e2,2026-10-07T05:47:58Z
2010-08-12,https://www.bls.gov/news.release/archives/ximpim_08122010.htm,782ab6fc7aa7a97a9d5ee69f3df0c1b9b391776cc4fd9403b381a9de73f24da1,241549,0e802c2f6124c9a9a95ed0b50c349400c019b258ca6833824afaa2ccd8d208e1,2026-10-07T05:48:02Z
2010-09-15,https://www.bls.gov/news.release/archives/ximpim_09152010.htm,1a9bcd7f3d1a8a4bead08f864df730014a9d1abf904c75cde6c6ffeb2b9cf4de,240777,f9dc79609ca7e2e3d0e7c18c467ac68e68a464026994e0f2399e4a9a536217f3,2026-10-07T05:48:05Z
2010-10-13,https://www.bls.gov/news.release/archives/ximpim_10132010.htm,1072d8c46e2ee4027f6e2954f6d28f5f60c9ba904b57ba86f3fe9587adf30477,241676,ab66db12bc0b67d8786411b2ec13860587d57ec0af5e512b8f402fe5647be9a1,2026-10-07T05:48:08Z
2010-11-10,https://www.bls.gov/news.release/archives/ximpim_11102010.htm,f469a92265e2c1414174c9af09f19b87990b19e699c36d6e09faa1bda4842d31,241073,0516ca0204f641f84aef964dd316ac64999eaf4d07da679e46434d63f4f4c73b,2026-10-07T05:48:12Z
2010-12-10,https://www.bls.gov/news.release/archives/ximpim_12102010.htm,22454457a931334d0f65b88d6d0472ffcc553f92b3e05e8b933712cb9044f3f8,241281,c044ed2006b035874bae5deddbbf9ab4d477d2dba3f890721f6e7c7e251a1682,2026-10-07T05:48:15Z
2011-01-12,https://www.bls.gov/news.release/archives/ximpim_01122011.htm,80ebfd6662af4289af124116c9357d03df8c28df735e30b7bfb87419c00d9ffc,241134,2251ed6ec2a3cf425712c6135e5d8e33afe187e97ddd52705c63399c759c46b0,2026-10-07T05:48:18Z
2011-02-15,https://www.bls.gov/news.release/archives/ximpim_02152011.htm,1126f4db3866f2e0805df884eaaded4c866773ab66c2ece69b1ebe40a54db30d,239409,a637a1e115cabd25f27c485b87dc51e1fb04a2b8239055f6166b1d5272a38077,2026-10-07T05:48:21Z
2011-03-15,https://www.bls.gov/news.release/archives/ximpim_03152011.htm,10d6ddc6b6b7884eaf9de4936817b27d166a94c9e790dd04e30e7d4eed5334e4,235392,ce2ea4fef0628a80a73110a8ea9c42a9647963d686e39ed0e0045a87a46c31bb,2026-10-07T05:48:25Z
2011-04-12,https://www.bls.gov/news.release/archives/ximpim_04122011.htm,de0ade46b516170f81f53af29b06e3d41e0253d4b0f84ac0d93761b7bb4d9870,234648,544bdcc783d43c359c39ec6d68c3f740f3ab981a4c3ef6b7acfa75bf9e867bab,2026-10-07T05:48:28Z
2011-05-10,https://www.bls.gov/news.release/archives/ximpim_05102011.htm,fe5c01e5db41c429a7955aaa69b6a43b6ad5f43ea86b19e44d11e8a148a46fab,234657,fb6b0ba6b32b1a2108938d83b9f7ce160b3404b0950e30f55121c9fc454e9bd0,2026-10-07T05:48:31Z
2011-06-10,https://www.bls.gov/news.release/archives/ximpim_06102011.htm,00a4982efb45f7d41d62bfdbf431ae0da99408a015544f48d8418faf779bac1c,234599,edae144aa0d28f1fa13dd282b49b21f00f05c32a57cfbafef135c6a9ceb09796,2026-10-07T05:48:34Z
2011-07-13,https://www.bls.gov/news.release/archives/ximpim_07132011.htm,5572c78e70f42ce1743eb9b60b2b53b17555a070dad81ccb3ae4dfcd12cbfb54,234512,19c3515dbdda23461f65116cc1ed205d6d1a9e09098b0e9e0bc6daf4bb7f19fb,2026-10-07T05:48:38Z
2011-08-16,https://www.bls.gov/news.release/archives/ximpim_08162011.htm,31609d66575ae440270424e2783d67a35f2e66b66a4c44128f88f2f22c3a68cd,235072,a957a871b38c41b93640162db8a5c63427f3133aa6770b8d5e0d06244cea3201,2026-10-07T05:48:41Z
2011-09-13,https://www.bls.gov/news.release/archives/ximpim_09132011.htm,a60bd452b310c622f8916d573e2aee35ab39e995b10cff0db9a3cd3cb4ab5f2c,234857,260c14dc9766a45a0696b808cd9881fcc2777645408ff21980627f5b515c9d44,2026-10-07T05:48:44Z
2011-10-14,https://www.bls.gov/news.release/archives/ximpim_10142011.htm,02bc10ad2a8a13d04c27ea5a7ef44293974f4617d7d72b09461b604c7c352e43,235020,615d300dfee61977a1ca668edc84f234559d28f323a53580eb73323e1b6c8d2a,2026-10-07T05:48:48Z
2011-11-10,https://www.bls.gov/news.release/archives/ximpim_11102011.htm,e3f7bfe4f8aa427d7eba10feda2362c39d33f7a04453b23248f4ac6804f28ffc,235053,8a3f831265e333e49852421e4f94142c079bd40bda5a0be3ef3a2d0c57c25aea,2026-10-07T05:48:51Z
2011-12-14,https://www.bls.gov/news.release/archives/ximpim_12142011.htm,c109ad69a89692b85956476adcc882853742b10d8b57d789be02e7003a6aff3b,234681,7b1d0008df6e51499086be08066846fbb67064c9aaf0aeb370e4480dbd4a84d9,2026-10-07T05:48:54Z
2012-01-13,https://www.bls.gov/news.release/archives/ximpim_01132012.htm,bfdd758bc0e201a1e3dec5cd9abed4288fffebd0cf0c1cf7e7a10f3427eae105,235285,9cecbad5a9d58b37103ef95afbebd2d538e89c0a32d7d948d108199145db3da2,2026-10-07T05:48:57Z
2012-02-14,https://www.bls.gov/news.release/archives/ximpim_02142012.htm,c335b922b4a2550e1fced76cb14f41ce422270d94c6c305cd6227fdcd7e3f32d,234863,13457a191ee268a8b676a3b8b1a83810f98aa15d53c2f1ea82a9cc0f9c06c1b5,2026-10-07T05:49:01Z
2012-03-14,https://www.bls.gov/news.release/archives/ximpim_03142012.htm,a7b8e72f615d83387dba538c02136fb781aea0c3c40f818977b94fb28c718ec4,235193,61d01687490172e24f287a45646dae1696b727acf817711ce91eccdb7b4886d4,2026-10-07T05:49:04Z
2012-04-11,https://www.bls.gov/news.release/archives/ximpim_04112012.htm,a94e46fcfbaba8688747357bd9b0b790cb7cfaff350da5e2479304078a7aee2c,234764,e9165a34e8915e1f7df084ef08547d19aec3b24f9906bdbbf70820844027f6f0,2026-10-07T05:49:07Z
2012-05-10,https://www.bls.gov/news.release/archives/ximpim_05102012.htm,e5bb2f76359dcd049edb81d016ae4b618c5033e21711bb65041497c11e705177,236167,35efb57f7062326566b36d68fa6f7acc2cc99b4550baad02ee8335a99cfab4cc,2026-10-07T05:49:10Z
2012-06-12,https://www.bls.gov/news.release/archives/ximpim_06122012.htm,fbb4416156c0703233d37405fce81de73c9dcdc3e49f02bc5cd4d6cfe5cce68a,235530,4fce80ae2df82dd9df008cd9c37a716da5673283738cf3e5fd4a567fe2385384,2026-10-07T05:49:14Z
2012-07-12,https://www.bls.gov/news.release/archives/ximpim_07122012.htm,69206e668667bf3a999f35bb4a717020ebbf2fe51c2cadcb668016c9efb16503,236404,d792316d8f8c1caa869f4d8beca4e67d566ab38c28882d31884175c2ad64aa2e,2026-10-07T05:49:17Z
2012-08-10,https://www.bls.gov/news.release/archives/ximpim_08102012.htm,12d45ffa1129ca902e73b94561caacfaa019329d391b5ddfc54ad8e77e00318f,236867,8b4aa1b3a5c1bbf578ee406feb5cb1465a38406962e2ce79f7262ec0652d3a0c,2026-10-07T05:49:21Z
2012-09-12,https://www.bls.gov/news.release/archives/ximpim_09122012.htm,1e04e1a9ab4a1fb270c45db14c0c357e73e743f5040c83e7c129ba919d19a3cd,236373,0268abd08144910b7da70366693dae753024f5e1f432b4afdc8b33f994539da4,2026-10-07T05:49:24Z
2012-10-11,https://www.bls.gov/news.release/archives/ximpim_10112012.htm,6474d0a07d2825bc35c1c01d78419274907cb83c80eaffabc2e46997be1e823c,236308,a10e706a547253fc0dad0f0181d8cba681f08ddd04baf3c2f6c4c45e7725775c,2026-10-07T05:49:27Z
2012-11-09,https://www.bls.gov/news.release/archives/ximpim_11092012.htm,b8b1aa5ac2bb3b1198c6af57183a2e92f04ce1b81422f9a697ff8661d2e5d8df,236181,4f007f793e12a43438fd341914facb5e4ddea739cb24c5ae854fcccbe10e4bbc,2026-10-07T05:49:30Z
2012-12-12,https://www.bls.gov/news.release/archives/ximpim_12122012.htm,b14e9782c164b1515ace47313ea0de95bd727e1b038bc23ad25893dcc8dc468e,235945,803b75348dae5332140e89682b1d34cb8c247a1a51fac3b3035cc6beb8352826,2026-10-07T05:49:34Z
2013-01-11,https://www.bls.gov/news.release/archives/ximpim_01112013.htm,b752abeb48619a00df01b6a3f8024185821d5523a88a99b3233b1116b31a0414,236158,a63b59511a9b0f0931c55d682f40f5dd69613341f262f0bcaba12d02a3c59a86,2026-10-07T05:49:37Z
2013-02-13,https://www.bls.gov/news.release/archives/ximpim_02132013.htm,106811bed2a2e9b53d611f475338a0b8048d9c90f4360b588bcf1c57067df2e0,238161,825e0f9330da75c6773a4aadf27f29236c6062c667d1298707acc66547057dcc,2026-10-07T05:49:41Z
2013-03-13,https://www.bls.gov/news.release/archives/ximpim_03132013.htm,a11e56b3c256a770fe426352ce7c2e1ce363dbd4cc2fd1b0cb9090d1a35feda3,237369,51334ed4427f0c986d6dc28b2e8f827c323e49c7d8ea5133d094895d2628089b,2026-10-07T05:49:44Z
2013-04-11,https://www.bls.gov/news.release/archives/ximpim_04112013.htm,8986ebc8b2f037966d5979fd315963e368984b3ac25fb98473aa9a8f39fdcf16,237081,5194437403d8d13e916fa78239192176b513df10cd454ce2429eeffb62db4da5,2026-10-07T05:49:47Z
2013-05-14,https://www.bls.gov/news.release/archives/ximpim_05142013.htm,478e369b767ad3d874b79cdee31e4b801a0f38952216b71fd44ea9a3ed648811,237472,abb59b22412d9a5ebb3a61a47315d1963dccd2e35a049c442f0372300bb03acc,2026-10-07T05:49:50Z
2013-06-13,https://www.bls.gov/news.release/archives/ximpim_06132013.htm,5f99962b58580623b162eaef6feb7e8e221efcf885b11036e4b465fe41bb4581,237508,04db1eb76e7a8b0c611c0e950be97e057a7679e6d2e9b0ce72b8b94f2a5899ec,2026-10-07T05:49:54Z
2013-07-11,https://www.bls.gov/news.release/archives/ximpim_07112013.htm,d5258df7afb2f7fed1f5863c32c4bca9f8aed6e239dd01544c4d9c562d8aa456,236864,61a81b559cc22354812ce7fbaae817bd08b27bd99766fb5df60c4da9e59f2a11,2026-10-07T05:49:57Z
2013-08-13,https://www.bls.gov/news.release/archives/ximpim_08132013.htm,d96cdc5aa35431204abbf5d97c4cfb7788845465f2f72a5fdf8017bc42f7111a,237540,7f6d3f5b323158f8877838e84a0b40cb72ee13886411c846084dbe780e01b7a6,2026-10-07T05:50:00Z
2013-09-12,https://www.bls.gov/news.release/archives/ximpim_09122013.htm,8ebd220082ef59d445e0b189a922855ebb33740a9b29645a03c1213848a3510b,237333,8903daaf7e6926bac914aab1477d4655a261dac2ba1f862ea94ce7153f3995de,2026-10-07T05:50:04Z
2013-10-23,https://www.bls.gov/news.release/archives/ximpim_10232013.htm,cb81e99ec5e0e6fb46502c360f92ee46342d532ea48bccffabd463e392b73b4c,237328,ff04d3a11676f534fe36f292782dec0ddb8a94c1b0f2fdbd1d720eb107e6a706,2026-10-07T05:50:07Z
2013-11-15,https://www.bls.gov/news.release/archives/ximpim_11152013.htm,7ff4492f3746dc305948aafd8063de934aef704be0acccc7ab2d8903ede7f8fe,237139,7d6a762f175f62580bc7909e6e86ce1b4c47ace42890e9deff4cf1f6436a90d1,2026-10-07T05:50:10Z
2013-12-12,https://www.bls.gov/news.release/archives/ximpim_12122013.htm,70357175eb7b96c32b92a9332fd4e01ab1f984c989e4466c722cda00a47e8e8f,237012,0c936d1c246ed0a1717787a2f8b4e1c44a66878235cb07417fdbb6855432ff73,2026-10-07T05:50:13Z
2014-01-14,https://www.bls.gov/news.release/archives/ximpim_01142014.htm,35fc9c2e0c7cb19066dbb0812fd66914dcc3ac362a3d22d5ff8d6131606e0e52,236775,10377ed4a2b8d02094167b678bf0bf3916b745e1383f4e9b77b4da848aa1616c,2026-10-07T05:50:17Z
2014-02-14,https://www.bls.gov/news.release/archives/ximpim_02142014.htm,9702678900458ff1cfc0ea47408d8eaff8675dab7b76d18f3ef98689d22af43f,235206,c0d1ed7215cb28f6e62fd470d8714d482e1135dccc987052a318ac4877c01d33,2026-10-07T05:50:20Z
2014-03-13,https://www.bls.gov/news.release/archives/ximpim_03132014.htm,d6bb1564ad1c3380a0c1d1f79d2d01559c94b2ad35001f039733ce61b468bbb2,235259,96faaa6a13108129e3d63a980a72afe00ba30fa13fa76a2bd7cf53a2a6a3b5ad,2026-10-07T05:50:23Z
2014-04-10,https://www.bls.gov/news.release/archives/ximpim_04102014.htm,9fafdac6eaced0ca25f2ebcd18416942d4361cd83a96d7c4192918b870b08fe3,235099,b155bae303de143b4896219435d132eabd1648babff9394343a30e0eddae7e49,2026-10-07T05:50:27Z
2014-05-13,https://www.bls.gov/news.release/archives/ximpim_05132014.htm,2553a7f1a4e3447e7edaf44a2be41f292d776b91065942bd3ae55f520741f28d,235937,3df22a3978e99ee38b63b2f306c39e2058b787cd478f023422d9c333d0b00259,2026-10-07T05:50:30Z
2014-06-12,https://www.bls.gov/news.release/archives/ximpim_06122014.htm,7f1f2af9fa1e549a50e13c58d11881ec80f60093a9d3fb368663644754740017,235600,23f9d831a5853cfb01580800ca4e9957517f1f1ec1306e3bc475df062519f747,2026-10-07T05:50:33Z
2014-07-15,https://www.bls.gov/news.release/archives/ximpim_07152014.htm,9488b91d964b054ebb8ba6b8aad9e83198bfac767fb0210137569ee9a48406c1,235581,9b63907b7788f2d04883e2fc2e7867ea3a7a181395cba4d5f6819a38e9eaac54,2026-10-07T05:50:36Z
2014-08-14,https://www.bls.gov/news.release/archives/ximpim_08142014.htm,310f44e65fba7df4138199977da21bb13536846c5d380c4bb397d6617e821199,235341,73b8b674aed70b6a758a73b30584835e8ed58235aa668b8e1a58eb1b250c1cd0,2026-10-07T05:50:40Z
2014-09-12,https://www.bls.gov/news.release/archives/ximpim_09122014.htm,ee849af82efc31e1083880933e866fc8bb337a072d14cb0bc47377cef3f8a4d8,235750,d0bc236c884b30bf4a9fe9a37c949e762fc75a0d55fd0d6ad5a00e1ea10de603,2026-10-07T05:50:43Z
2014-10-10,https://www.bls.gov/news.release/archives/ximpim_10102014.htm,53b8cd0610da3b738edb378a28f744b31f139020b4861310e356ba5721a0b802,236241,44988e2ad55750fd7be0047de91a395a18253e69fc4078d10c31d92226cd1d6a,2026-10-07T05:50:46Z
2014-11-14,https://www.bls.gov/news.release/archives/ximpim_11142014.htm,4964b590f419fb24d941a4f21fedb9c5e6855efd1c7e91e0095a7f217e33b6d8,235965,ee474da0c4af0a9ea29e2a3c8f6724e603dcb47426597d148ebbc0a2d2e9bf9e,2026-10-07T05:50:50Z
2014-12-11,https://www.bls.gov/news.release/archives/ximpim_12112014.htm,c0f9167b9d914437d8e84e742623d52e56179ad9c20d6b8e636604e8e3963402,236968,ce7649bde69fdeefb3f438d0cedf7a510371997e2fac1d223fabd3e98bdc99b3,2026-10-07T05:50:53Z
2015-01-14,https://www.bls.gov/news.release/archives/ximpim_01142015.htm,0572dad724c6244b0df7f488b09f140719be79735f86fcc0b4ff812ff7ec1ddb,236429,dbf28dde56311f56e979ff955fef7187af25fec1b2adb5e9ed69ba2313561a4f,2026-10-07T05:50:56Z
2015-02-13,https://www.bls.gov/news.release/archives/ximpim_02132015.htm,b400af7854df81460a68647702528c92921ac0ca052c498152e22e19d54c5866,235549,4bace776130817aec8d9f4cc818f06da48a866c0490fa63ca630bbecb4f5c3e4,2026-10-07T05:50:59Z
2015-03-12,https://www.bls.gov/news.release/archives/ximpim_03122015.htm,1065951ee4e6bc1395823e684e783495b2fd79d65685fe9e6e0a68f46f27d3f2,235637,5b7254f4c97a8c89198a56a7b35c6b5b15a0fe2a7981ebc5ada0baa1ae8e43db,2026-10-07T05:51:03Z
2015-04-10,https://www.bls.gov/news.release/archives/ximpim_04102015.htm,9ca0b10e704ded7728337450538cd160142b8943003c3755643afb77193fd07a,235729,3c51c63777022da932a61ea5a08195656b9b16d0c7ecb2181bdccb69337f71df,2026-10-07T05:51:06Z
2015-05-13,https://www.bls.gov/news.release/archives/ximpim_05132015.htm,cd783981a2aeb036cd090e396c6159a28e571d294ebfeef2351ee292625b5b26,235177,6a640a3edbffac64954412e5952ba845f94e3f3fd7d6e70d07f8d6075b9d95cc,2026-10-07T05:51:09Z
2015-06-11,https://www.bls.gov/news.release/archives/ximpim_06112015.htm,efd0709e7ea298571c4ea5069d69f65ab5ccd1039d70143a1cae0a55317b31cd,235027,0bf4cbe5952029e0c87a9f9b61e7ea79dfa48a935e8aea4e47d689e7e93b605d,2026-10-07T05:51:12Z
2015-07-14,https://www.bls.gov/news.release/archives/ximpim_07142015.htm,7b7c79da3c4757f24f2f0acf1e2615e76037a0f37c10dd0458b2e341f8b1e427,234741,5be94d06968f386c5bf2d997d3c2d96909e23b9b6b6838b62892d1c862bd71bc,2026-10-07T05:51:16Z
2015-08-13,https://www.bls.gov/news.release/archives/ximpim_08132015.htm,96604eb5eb6e098ee4de70652ea7987d6d1631ea43504858f4d6caa821569193,235253,7d23ba260f006e6f5fa53a8212ef1b14ed9476bfd251b7c04b400faceca7bf28,2026-10-07T05:51:19Z
2015-09-10,https://www.bls.gov/news.release/archives/ximpim_09102015.htm,8a0a0323ad07ddbcb90efb53e7dbec692e27cb5b49c9956d60fcd00b75fdda1e,235086,b025830792604a773b850c72ce5482e164a8cada5c11d1387f2cc3fab20890f6,2026-10-07T05:51:22Z
2015-10-09,https://www.bls.gov/news.release/archives/ximpim_10092015.htm,5f66467bcf04befffb7c1d2b11998d58a55c8b2c1fcdd723dd93edef3b3056a1,235323,68d30e61ab3906704c600f645f67b9ac3ac2555c2f866cae91bcaeec49b8f18e,2026-10-07T05:51:25Z
2015-11-10,https://www.bls.gov/news.release/archives/ximpim_11102015.htm,669f6be1f408208c7f6aa46b930554f6e137726c3e590d798cda3452477415f5,235332,4e910fd0581d12d581f542173662f19fe0d3b655c3905d1dccff807840e25b64,2026-10-07T05:51:29Z
2015-12-10,https://www.bls.gov/news.release/archives/ximpim_12102015.htm,9d9e03dd33be74a4bd5ffbfdbbc576e5b0524642a25f110087d82109a826aee3,235083,8bf7d8c4cba4dc35938953ff2e93a65b34b38e0dc38f2ae9e6d319945288fbe9,2026-10-07T05:51:32Z
2016-01-14,https://www.bls.gov/news.release/archives/ximpim_01142016.htm,bc681ea06a4ee865bc6f67306ff2f11a666aa206f62e856e1acbba9f5b026757,234736,89949fa6c7223a8d4c0ce55b654895453417f4ddd302d7d2a4107937fbda85c9,2026-10-07T05:51:35Z
2016-02-12,https://www.bls.gov/news.release/archives/ximpim_02122016.htm,178caa69651f40a436a0eeecc475ab3bf4f5ed00606f26ec9be4e5bf03a4f975,237355,592144f71065817534e8cbeaf3464c2f1e31686fca0566e87cf244da7fd677cc,2026-10-07T05:51:38Z
2016-03-11,https://www.bls.gov/news.release/archives/ximpim_03112016.htm,ebb4cecc427d542f0301869a5f6b880d49d6c6a602823936b703b85db7b8c177,237563,76289a7cabfa21b970ebaf76369c4d1435258364528bb4d031321c30cdbe27a7,2026-10-07T05:51:41Z
2016-04-12,https://www.bls.gov/news.release/archives/ximpim_04122016.htm,7b3501615a50f85aa59aeea2dcdc596fc78f09a576484ac957c57c901aa50801,236853,c874d41412e994f4e57b881ac3b0f6a7327c3819eb98d24d4aaa17957a7065c6,2026-10-07T05:51:45Z
2016-05-12,https://www.bls.gov/news.release/archives/ximpim_05122016.htm,6b49825b278db5cf6e1bed6504aa749af564984a4a1ee7d47db93855b59bf592,237206,eef50e02b16080a1d0f5d238112fb591254958cba0d7c0bd32c91e68f13567a5,2026-10-07T05:51:48Z
2016-06-14,https://www.bls.gov/news.release/archives/ximpim_06142016.htm,d98a183a47f77daff9b1d1c6d695fa3ccd7ee6d99da6fd85591aca7ff083afd3,237325,92b5fd135b79fa413d4dc61d9357d7f4f1f8022e7d8189f3e212f7e5d14d414d,2026-10-07T05:51:51Z
2016-07-13,https://www.bls.gov/news.release/archives/ximpim_07132016.htm,e25b6aed30e375d95cdd4f8a0cc3012febcbac6f33f934ee551c6c61b765338e,236643,689f7305fa42d23cebd4911d90ebacb9d3736ec5180f922691d3c5a583bb92a1,2026-10-07T05:51:55Z
2016-08-11,https://www.bls.gov/news.release/archives/ximpim_08112016.htm,9d12b60856badff880c96becc1aa8da05862f1d1b60f4f09898ed5f70d1679f5,237260,588792976de4006ba72bf860d01b28496e2e4bb0b761f8baac591d5c7832184e,2026-10-07T05:51:58Z
2016-09-14,https://www.bls.gov/news.release/archives/ximpim_09142016.htm,0397cc5fff26b786cdb7cedf711e2369af7d65dc91eeddf435d197c5551b0e14,236912,07de0af8d272fa104743f5dc62eba3cd380aa2f4161f7352ba207fd0385f2de5,2026-10-07T05:52:01Z
2016-10-13,https://www.bls.gov/news.release/archives/ximpim_10132016.htm,d4ea6ddf3165c6fc4c29e507318e25e3e4b9809df2201ba31faefd7b68455c08,236627,a719e0386bcf299b7285d41bf115530e3255b781418e14145aa8ccedb306a34d,2026-10-07T05:52:05Z
2016-11-15,https://www.bls.gov/news.release/archives/ximpim_11152016.htm,f2d6e9ff6d5072e5cf775e67e84354c7321e0c1814a510b9933f6af1c9b43cab,236675,e99600f528aeed8314996bad7ecb3e41bfcbe63a0bdedf66fa9be60ea9cc80d6,2026-10-07T05:52:08Z
2016-12-13,https://www.bls.gov/news.release/archives/ximpim_12132016.htm,3065593b41572e0e3873f272ae41fd2fd376046322d6281ff47a83686fc242bc,236759,544b05247c120af4d21b41b716052bac74015acde79053a7adae1cb9e1fbbf23,2026-10-07T05:52:11Z
2017-01-12,https://www.bls.gov/news.release/archives/ximpim_01122017.htm,7e4fd83b386697f3ed781eb18f7b0e0b94f5ae8a7e981973348b0cb1996bd61a,236715,14ca78a124b069537e13e4eceae7fa5ef94ac8450e2a0c5717b766c26453d3f8,2026-10-07T05:52:14Z
2017-02-10,https://www.bls.gov/news.release/archives/ximpim_02102017.htm,dffaeea9c4ae98602db0c70e9f80e4e72ba9d7112a11fb0f1e3ad05a95e895a3,237898,19dac73a0aaf94ade754bd49c2d97ad404a1294836558d753a3dfb0ef84ceb55,2026-10-07T05:52:18Z
2017-03-09,https://www.bls.gov/news.release/archives/ximpim_03092017.htm,28e14fa0a8d9d1a8ff66fd75765f5b33c509ddbebe1658e15c227b5135ce4d0c,238870,79ca391bb56238e411b7a070e4477b33301fb037a691a943af343865886356a5,2026-10-07T05:52:21Z
2017-04-12,https://www.bls.gov/news.release/archives/ximpim_04122017.htm,f2d81270504dbc87552e6aef64e50543571779ee1a22c9675eedfd4cafc3f0cb,238823,c2b33500e827bccc3056dc62b8537ab404820dbfe6ded0fe45e6799f07e7a62e,2026-10-07T05:52:24Z
2017-05-10,https://www.bls.gov/news.release/archives/ximpim_05102017.htm,3b6543fb390a95817e359ca8241fcb65b2c9dbda395e2226e139bd3a085520a1,237908,dfc092b303c30197363b92a8d889ce34883484c3930fd516c54fd3d79d6bda24,2026-10-07T05:52:28Z
2017-06-15,https://www.bls.gov/news.release/archives/ximpim_06152017.htm,1c3d2748e2f3f72f53974e2c11f62a5d420c624d2b76bb9722a5cdfd673dcc18,238370,20d8144200514d342f122f733b43f1bde965420c96ace59025374c443549af58,2026-10-07T05:52:31Z
2017-07-18,https://www.bls.gov/news.release/archives/ximpim_07182017.htm,3a5f566afd0051ee89c79a0d3395dc2ae4cdf8337f4d87d2123558bde6c196a4,239300,c99233edfd75622a8f33c5c3366dee23a3cfc029c5638feddb427c5dfa0af700,2026-10-07T05:52:34Z
2017-08-15,https://www.bls.gov/news.release/archives/ximpim_08152017.htm,3a62a157103c93eb559aa33224c7e016398478dd54e85ff1a36073697bbb1b5f,239135,8ca2db9c7f2533d8bae09bc757c383db6c4b5cbe28ebff8831ec9a3088b629f7,2026-10-07T05:52:37Z
2017-09-19,https://www.bls.gov/news.release/archives/ximpim_09192017.htm,3dbf89a856364b60f75ef1b153d97bfafe9407a855c9646d55504507b640ecea,239092,37b3273b1176bc722873d3ee223f48dfce878757bc0339af5521b8fe8da7fa4c,2026-10-07T05:52:41Z
2017-10-17,https://www.bls.gov/news.release/archives/ximpim_10172017.htm,13a9fad6480cee2c0cdc94ee5b24d1c4e9e0f364ab38ca7ba2d9068f30b93e11,239079,9b2dc00e45003b0f4393c7d6b3af922d1e64cc6b7d06d66d25ed6266f3d1a4a7,2026-10-07T05:52:44Z
2017-11-16,https://www.bls.gov/news.release/archives/ximpim_11162017.htm,15b243d468c62c3dcd5b27c38530f47a45a13f54cf0216a4f230b4ae3169c920,238731,2730fbc39391ace4dec655227dfff28f3acd17663d93f614b131c0aef370eb28,2026-10-07T05:52:47Z
2017-12-14,https://www.bls.gov/news.release/archives/ximpim_12142017.htm,23e3b02ac6a5aa6057c41ad40f6d9b6aeb538c99f187ce8c52fa3f7fc8d01d0b,239561,4d0b847e033e010a24e9b304646ba9348e110bf30b82936acfceb9537755189e,2026-10-07T05:52:51Z
2018-01-10,https://www.bls.gov/news.release/archives/ximpim_01102018.htm,9be00d61d6574688d2f7924d8a197a5993320369721e30e3dae5e4dc5533c3c2,239338,f716e76c95c26e47032396363ed686339788a243a19d1c3a1e2003b2f34dcd3a,2026-10-07T05:52:54Z
2018-02-16,https://www.bls.gov/news.release/archives/ximpim_02162018.htm,28d92c788c6705a1b97dcdffcb4711066d13ce42d35021ba1d1180302641dec8,238352,b83565eeea736ad5ad93e23c99ca0bf7f4783a547f88ec059cd0807583574a68,2026-10-07T05:52:57Z
2018-03-15,https://www.bls.gov/news.release/archives/ximpim_03152018.htm,92f3c9e117d642f93d9c965e390d11e1e260cc999ff858f27738a664ac37063b,238385,8f41de6a14920954433ca2f5cd86da9c7c223b3d0736c50ed4d6768a383596c9,2026-10-07T05:53:00Z
2018-04-12,https://www.bls.gov/news.release/archives/ximpim_04122018.htm,d03da526125b0a03bf6836b9bf72936edf8177c7e782dd20ae1b5256550a1bd9,238063,d94fe31492cf57fa9e4f70237f83907f88028c76e8d938f23b05463cf93ffef1,2026-10-07T05:53:04Z
2018-05-11,https://www.bls.gov/news.release/archives/ximpim_05112018.htm,bc0321a0ea39d3bbc3908d191894977ea42b80a53a52e6173be39c11f6804e5c,238107,bc33d3de8f67d42d9da581e5898ce6abbf2a8fa0295a24b55bf8a601ef03d747,2026-10-07T05:53:08Z
2018-06-14,https://www.bls.gov/news.release/archives/ximpim_06142018.htm,5a11522a1d3131bb4902c0e26af050a619bc0faeca8c5982cccc4ae0f465ca98,239100,8cd9092c5a4d753484be36920ae4836f6b39d2861f1ae1d015a65c177beaa54e,2026-10-07T05:53:11Z
2018-07-13,https://www.bls.gov/news.release/archives/ximpim_07132018.htm,5d7e051f2c2498b121262d7c9511d311543e310cd4936b16dbb01187594dab61,240865,3c5f407ced98fac2a37eaffb7c33555121c9e3a3b69a1afd2e0b54e41136adfc,2026-10-07T05:53:15Z
2018-08-14,https://www.bls.gov/news.release/archives/ximpim_08142018.htm,31fef4c86be0ea3fe122b08c61d3e9ee8e8789c060f0360a630a207f8e6899fa,240548,63b6579e29fe04669bc352f65ebe87b3591c538155f9fb81ff63c9f158054b79,2026-10-07T05:53:18Z
2018-09-14,https://www.bls.gov/news.release/archives/ximpim_09142018.htm,a2e0548101879d64761e5efffd1c342919ca359a6fe28d1372e6fbbad7bf83b2,262135,03c9dfbc899922fdcfea073be1ed34f4babcb41652bf45b6c4d177dd511a277e,2026-10-07T05:53:21Z
2018-10-12,https://www.bls.gov/news.release/archives/ximpim_10122018.htm,f17b1c3417baa09820cf01ca2a5ac6bb2eea7e4fb13d1b3248d99f8c3fa0a06f,483441,61545ead0dc9aff49521d46684a95c2a779109c40eafa2cb522461c8a9225ae7,2026-10-07T05:53:24Z
2018-11-15,https://www.bls.gov/news.release/archives/ximpim_11152018.htm,6f0a113bb96a864d12c4f5a6e990b3afc2b17a32331a2d3777bca27ae0687572,482860,6681ee4b580ff9d34a7b279fe997f830844433125b0b3bdb9c5fbfc66b49e6a2,2026-10-07T05:53:28Z
2018-12-13,https://www.bls.gov/news.release/archives/ximpim_12132018.htm,b2953705c521ab78b8cb2d86f47c9317f81c4bacff4b7a94b0f659d546ea5524,483110,086fc8e5782bf65682efe2a0c8e7cd3b0f9826ca40ac0e210675cc33b0dab344,2026-10-07T05:53:32Z
2019-01-16,https://www.bls.gov/news.release/archives/ximpim_01162019.htm,e92ae8e2817f6d653798b57d2dc000f42369b18ca3f5e1b62f2b175b36fc06e4,483452,cad6ad34ae9a720735d8d41865fb1a33d18dc6ab50934fb4f8d1fddb454beac6,2026-10-07T05:53:35Z
2019-02-15,https://www.bls.gov/news.release/archives/ximpim_02152019.htm,aa2852f8bd75a3ca2d3327bbf14c7ef8eee5fbb3382fc9dd05039cbe0c5e5cdc,459391,a5edffdabee9d72013e4f839db44ba49aa9177a9457d5e2ae87f200c6d19ff0c,2026-10-07T05:53:38Z
2019-03-14,https://www.bls.gov/news.release/archives/ximpim_03142019.htm,1c5306b3607b6fb88cb5864e432523622c85ff7cff9af43db9e33db433a02c1d,458584,c47cb11e5ec1c47ef77708de23c022224dbb1e6428d78ce0d184e4f3c66f2863,2026-10-07T05:53:41Z
2019-04-12,https://www.bls.gov/news.release/archives/ximpim_04122019.htm,b53e93246dc317ce23cf9d1675a128b98761883c631b402f532bb006a7c985c1,458552,ac439f158f8f525a961bbf793969788262ecd17afa61f80a3a881487927480a6,2026-10-07T05:53:45Z
2019-05-14,https://www.bls.gov/news.release/archives/ximpim_05142019.htm,df9448dd49c06dd705fbf28a1a446288d7a7f059e1e7ebe4b44202d14c49d598,458393,29353f3490831a6e1347eb96908b01de7df78266a73f723d477e916f40df8a7b,2026-10-07T05:53:48Z
2019-06-13,https://www.bls.gov/news.release/archives/ximpim_06132019.htm,426467b51f3907fb6066599461e33aaed84e3a75ee3b22dacf5e59c49021bd7b,458511,723108f48e9c7232212c0ca7d3ed96be41c5645076c745f739c9a7881925c380,2026-10-07T05:53:52Z
2019-07-16,https://www.bls.gov/news.release/archives/ximpim_07162019.htm,d03a204906bb68e03c83a2704af87e02796b0322763a4d18e6896053ec006e56,459243,987061a3eea2cce151b997d4c2efa7e35ec625059b6ce24005a9793fc05e5f31,2026-10-07T05:53:55Z
2019-08-14,https://www.bls.gov/news.release/archives/ximpim_08142019.htm,c0f559403c72f7725ef02f60daa5034b67414cca1832a57114d1b32f7db8594d,459177,1443000220079f5a9cd41c0781a575723552bb46e26f5672f6acaee5e4718239,2026-10-07T05:53:58Z
2019-09-13,https://www.bls.gov/news.release/archives/ximpim_09132019.htm,a6071021b218005a475e12d26240360fea00b507a89eca341c82d4b4303757fa,458779,249d635b08e76d9bc7924e5d602c643e2d6f781b439c4f61dcbd76b5389407b8,2026-10-07T05:54:02Z
2019-10-11,https://www.bls.gov/news.release/archives/ximpim_10112019.htm,b78eece3edaeb2b21ca185acf97896ea7cbe1938c1010b9b9793c717c0544078,458918,a42fe0860a14d4bafaa8f9c3a0e24f4de1dfbb384ac3ba818c0a6f90edaf0dc2,2026-10-07T05:54:05Z
2019-11-15,https://www.bls.gov/news.release/archives/ximpim_11152019.htm,1b6c8e770ce82e2274ed13d50f0f55f9786f9d581e7d1b7684a38319c2a717a2,458528,07be7c2f1057c6e20891f2e68390d8659b1defd8f9c3edd52db8b8950f5624d2,2026-10-07T05:54:08Z
2019-12-13,https://www.bls.gov/news.release/archives/ximpim_12132019.htm,98f2f0b9d4d099dcea2cb80a62e15e4022d2bcd9f291f1be6ab2e98e885ea8f5,458272,59bd582bea89d38bec5fb96c0614cce6d77589694df3248e94341c66e563444c,2026-10-07T05:54:12Z
2020-01-16,https://www.bls.gov/news.release/archives/ximpim_01162020.htm,9809756c2962f24b4c7befc7e32760d640779a09b2319bdcffef7fca839acf98,458658,d5faca1415b5a34619bbd91e2917d323e54a74e3ceb5935d39b416d073554e91,2026-10-07T05:54:15Z
2020-02-14,https://www.bls.gov/news.release/archives/ximpim_02142020.htm,db4f75ab82e504df5dc9ce249259e4f93f195365b857076a60087e40126e6c7f,460510,2e776d38f179817589fa9189fd86e8bb14e9bf948f07ac33b3f33c74ecc39a9b,2026-10-07T05:54:19Z
2020-03-13,https://www.bls.gov/news.release/archives/ximpim_03132020.htm,e99009012c401aeca1f18a1d42944ea7587de40012f431a24939ed5df1e5ca3a,460064,d28b5fab1ad84b73edf5521f135edfb4286b3a54dc235e280918117842e046ed,2026-10-07T05:54:22Z
2020-04-14,https://www.bls.gov/news.release/archives/ximpim_04142020.htm,51311736130c5ec7358a941ba34e4a4c1fcc435ec43ea74964906c7f543c42ee,461565,2962039ef1dbf5cfba9d2209ffe154e6c0ca0ec4deb47ae18e883dc91b750488,2026-10-07T05:54:26Z
2020-05-14,https://www.bls.gov/news.release/archives/ximpim_05142020.htm,01fc2281e4999eb6c96265366559ed0c4899e3f91b30d441951ab8618f82b885,461547,079c5aac550ca9d974c429d9339e30cc424e515fd0a1325ec172b1f5e4875296,2026-10-07T05:54:29Z
2020-06-12,https://www.bls.gov/news.release/archives/ximpim_06122020.htm,23daa9bb8a39a077c35fc5bd272863f0c8f64df07a9a41ba8ff41fa16c628646,460791,4d0f459e64654e3c2a3073edbd5ee76d17322371b4e8c758c047233f3deed06c,2026-10-07T05:54:33Z
2020-07-15,https://www.bls.gov/news.release/archives/ximpim_07152020.htm,8c6fcfb188bf8f9f153e370cebe3b5ecd5381b1ccf9f335a3ac7a654c2cc6864,461517,942b2f2b16305cd75c78f3a818eed2020b1ee3312674c568301c9e7690e14656,2026-10-07T05:54:36Z
2020-08-13,https://www.bls.gov/news.release/archives/ximpim_08132020.htm,ab8c3bb2dfe08c1572ec371ccfe44eec09320b907fc48961e819e1fed12e6de1,461589,35432171f7b63b4ad36230b6432b8f806256661711b4d661d8d8fc485af4a88c,2026-10-07T05:54:39Z
2020-09-15,https://www.bls.gov/news.release/archives/ximpim_09152020.htm,aa605980d4bc19053ac22c740a78679cef8dba911d4a897154ebebf3b6913493,461164,70beefc98dfa5dfb62323b8917a9c219b76aa806af282d44ed922ca138dbf205,2026-10-07T05:54:43Z
2020-10-15,https://www.bls.gov/news.release/archives/ximpim_10152020.htm,9989423065c5edf79fbaddb9a4cb40381554a580336bffd94faf32be06014a9f,460832,6d258297dd75610868125218752567b94f52498fbab5be42b95712149c555de7,2026-10-07T05:54:46Z
2020-11-17,https://www.bls.gov/news.release/archives/ximpim_11172020.htm,ab66b5872098cf003a1a2c58c7e354b47d43d95ea6b1195fb3f0377d03d32072,460975,f5c661fe306158fb54086b650734e586851a5789743dd27354dde8d56dd62fe1,2026-10-07T05:54:49Z
2020-12-15,https://www.bls.gov/news.release/archives/ximpim_12152020.htm,4cb11035427f36e42c9fd44f20c0eaf3f3ff70499dc0e435f86f84d32836c933,461052,d844aaa346fce5e3cf186346daa0f913278f7a1a05d1476262d31b21678907b5,2026-10-07T05:54:53Z
2021-01-14,https://www.bls.gov/news.release/archives/ximpim_01142021.htm,056fd85d5be3dbf3caf2e61739e80028cab30fed63431da8399396887d7f510d,461082,812cc15d1e027bc653919b2d1d525218ffaf578c48a3e1d80b6590fab22353cc,2026-10-07T05:54:56Z
2021-02-18,https://www.bls.gov/news.release/archives/ximpim_02182021.htm,5822f05551ccb17061b5d7aa1e5a5ac0bce7e59604422f315756717f03534e2d,464802,cd87b4aead2b4de0ab94e9d23a08caa9f3ff7974b1703f96242cdb4d58b05f7c,2026-10-07T05:55:00Z
2021-03-16,https://www.bls.gov/news.release/archives/ximpim_03162021.htm,bd627a9b306edb302964e578ac5e925af391b9a8b208711388fa60c26605884c,464653,f9e02cb7884814e3b00c8a451aa1c15c445f220522ab341d3ea0eac7bb016e3f,2026-10-07T05:55:03Z
2021-04-14,https://www.bls.gov/news.release/archives/ximpim_04142021.htm,38e3a1a3a6f8a91399d6562dddda4f9cb8b139028f894ea19c5aa614fec2984e,464735,a0881ab89f2e0f107642147e203646f76316f724fbe2e72d2ca2e14fd5c80d03,2026-10-07T05:55:06Z
2021-05-14,https://www.bls.gov/news.release/archives/ximpim_05142021.htm,1f147e9012e6d2050778910d6015b588190d202864aa05b1b158b707d134f4d7,465520,32e4be6e54b57207d09bae48f9fd36e9206bc310ebb4d60df8bb4b7e7a12ad33,2026-10-07T05:55:10Z
2021-06-16,https://www.bls.gov/news.release/archives/ximpim_06162021.htm,4a49c5a001324d09522f04001da3c354b91ed515dd3532a7e1ede6657df59167,464787,bec32cab528e315da6f80af96f5f5dfb7d5d9e4ca334223cbc39d1a54163913f,2026-10-07T05:55:13Z
2021-07-15,https://www.bls.gov/news.release/archives/ximpim_07152021.htm,0b9b9d27bf75c5a41e0337926afce976dd76eb5f3ff38c801da22c3ea75eddb2,464143,82cadaab68fa2ade972b014de81aa5404bdbe9fa477f4e5ec21f64a8b56a9dfc,2026-10-07T05:55:16Z
2021-08-13,https://www.bls.gov/news.release/archives/ximpim_08132021.htm,491f2e78319d803f4b18505bb4114f97b6956cc82f054a824938f77f24010f26,463986,60c01101d75beb459c20a5e071ed1aa284df3d97565db493b56a141695019206,2026-10-07T05:55:20Z
2021-09-15,https://www.bls.gov/news.release/archives/ximpim_09152021.htm,e39e712898714e3feba046ddd0b56003f868efc3cbe11676272f5912e1dea551,464753,2723c1efad699febb2a166e4e814db15294d30c87dba87bc58b6894a81d0f03c,2026-10-07T05:55:23Z
2021-10-15,https://www.bls.gov/news.release/archives/ximpim_10152021.htm,fc4561b13d34a393b7a059d346cb32845d7ca73628384b8b092d5bf7a61533e6,463904,41e773af8aac9cf4b94e92eb19bc879a9bf68c08f325169b2d1359752e822f9a,2026-10-07T05:55:26Z
2021-11-16,https://www.bls.gov/news.release/archives/ximpim_11162021.htm,39dc91ae4a8f59b60f0e3e83ab96b3c7f179ca8bcc1e0b6b4f321d53bf555b6a,464693,2ac7d356bfdf3740a49ded07e4e682dd0af9df85f317d25a8de5ef021315a27c,2026-10-07T05:55:30Z
2021-12-15,https://www.bls.gov/news.release/archives/ximpim_12152021.htm,d6e2752daeb89d4c673dad6e841fe7ff9acf1633496898d9d20fe2bcd29a8434,464310,eb82fd735dcb7d7d7acea403956f2f132637a3641205ad837afb88d7c236c14a,2026-10-07T05:55:33Z
2022-01-14,https://www.bls.gov/news.release/archives/ximpim_01142022.htm,84307e3ef572e6702a8d01fcc698e007520e648fac2e668a2bf0f0d3dd1afc02,464912,23c3ab257240374448d8bb928e725b525be71a8bece3706ea214c501e8e789d5,2026-10-07T05:55:37Z
2022-02-16,https://www.bls.gov/news.release/archives/ximpim_02162022.htm,6f67928c1cf938b67458938bc06d38ccfa6c01aaa7252ab7823aa112ef5fbc10,457458,d62d28947dfd8675c370021a43e02ffe1cd088174dff41ff723a2bfe3cdf23b3,2026-10-07T05:55:40Z
2022-03-16,https://www.bls.gov/news.release/archives/ximpim_03162022.htm,926982609293fea1b21b3073f20d99d14820d48ea2d37e1be891d31f1035b7d5,457759,52ad1e675eff557e4c075e1f9ad61b73299fa9f18e0a65386f67781499b69b26,2026-10-07T05:55:43Z
2022-04-14,https://www.bls.gov/news.release/archives/ximpim_04142022.htm,62a492ef97dc64e10b501ae16f04b9297c720067f9897fe296bcec04e44f438d,457735,d59ab10926fb12858337a019f3d8602808193a0553a981b85f719dcf34dd3ef9,2026-10-07T05:55:47Z
2022-05-13,https://www.bls.gov/news.release/archives/ximpim_05132022.htm,98b7cc8014a11824f4a65ad1935f88a14f2a20b23325ea25a6f1c6cd9449b86f,458240,5285da2a330925a0aa89764b7454e71992b558d84bd95387372a81cebae3d8e5,2026-10-07T05:55:50Z
2022-06-15,https://www.bls.gov/news.release/archives/ximpim_06152022.htm,bcd09b400f6885e0ccc81bbbb5bbefa60e135505563ba626c88360501502ca63,458113,5a5631486dbbebfa93de91412151a2369474da6b06daab054ddb2bcb1f5a9298,2026-10-07T05:55:53Z
2022-07-15,https://www.bls.gov/news.release/archives/ximpim_07152022.htm,1a773aaac32dec13cdc3f7d284c04995e5a0b4f30ea1e52e783346a841b25857,458500,bbba199adbe38e79dc2f21e5b861477fdb2b97e5b2fb4938ef16032dfa518d22,2026-10-07T05:55:57Z
2022-08-12,https://www.bls.gov/news.release/archives/ximpim_08122022.htm,345e9e46be544a1e31a8b592d9d355b3101838332bc5adbd3015f787ec4a1043,460074,b29f7691b54118d4b41371b6763f3c77f74f3581855123689389e268aa3dc0f8,2026-10-07T05:56:00Z
2022-09-15,https://www.bls.gov/news.release/archives/ximpim_09152022.htm,aa837535dc8b3175505b73c99dd3fc4a7fdc353342f1e7c7257aed3b286fbd75,459737,0b6e846ec3279786ddb41f024bf0284d32e4acc060785ba785871c2de77e7d57,2026-10-07T05:56:04Z
2022-10-14,https://www.bls.gov/news.release/archives/ximpim_10142022.htm,8567f1eb61da384a62354d27a07179f43ca7b031c1b228ffa008fd167e402307,459528,b90fc89adcc4550765c8fc9d7cb80fbac5a6c3373e85b2080d061fdbddd97de3,2026-10-07T05:56:07Z
2022-11-16,https://www.bls.gov/news.release/archives/ximpim_11162022.htm,d20f17f445ba8733243bb4dab78ad096687d415c448059bc05a44db529484ea5,460081,6c801f246e4c50aba78311befb09896f8e445623738d0c852c6eb6295d94f358,2026-10-07T05:56:10Z
2022-12-14,https://www.bls.gov/news.release/archives/ximpim_12142022.htm,9bfe08d99fc262742ff95d43518e8989dab5eaa65a1d87d98e45fa7d57ac3550,460192,b4adb4aa70a0bf8e87491799ea09b5d9074f33598a1ba79e8604583de0362a7e,2026-10-07T05:56:14Z
2023-01-13,https://www.bls.gov/news.release/archives/ximpim_01132023.htm,0941f4e47a9923bb14b23277ba539385e9fdca8a2019de5a6d5e85c754bf9fb4,459898,4c11c26879d99b8d207c4614e603e3c579ef20940f69f55a7e5aca6be8549fa0,2026-10-07T05:56:17Z
2023-02-17,https://www.bls.gov/news.release/archives/ximpim_02172023.htm,804f455c0b226dc820d3aa4e42faaa7511a6588d7fb6a9128e7798e42ab58f70,451775,9006e72747f5543c18dcda361060fe0e52bffc67931eae5b6bbab258339a6ab6,2026-10-07T05:56:22Z
2023-03-16,https://www.bls.gov/news.release/archives/ximpim_03162023.htm,e5a24d8e676ff459c59af4bdb05c5e6c083ce0a9d97e2006eb58bd1c3556a8e0,451876,729201e7ea4b781fe125b4b1adfe325939edb280de04909a52b5e6a6a783e366,2026-10-07T05:56:25Z
2023-04-14,https://www.bls.gov/news.release/archives/ximpim_04142023.htm,fd7c3b25a7899b4081ba7b5677a7ac49f5ab751abe46d3f7eecdcde23f3e8c89,451809,9088535f6f273199d7a4000651788aa0af64d0c02e3ae896786ab71e42de2ecf,2026-10-07T05:56:28Z
2023-05-12,https://www.bls.gov/news.release/archives/ximpim_05122023.htm,d8924bb5fd496c3dd7453a62b9b935c0d9989f187937e4a3433223652ada8d61,451869,d2cb05e1f1ef2701eb0b2ed89721be8df56a5cb982224434e3b0f04d847cd00b,2026-10-07T05:56:32Z
2023-06-15,https://www.bls.gov/news.release/archives/ximpim_06152023.htm,c8932b8e90bd012e13907c3e4d24fda4b7f2a8e75bd0543bc9eb827d05299796,451885,1d994d07edd11cc93991527cfe0894de2d09ff0cb5b4766f79560d377bcabf25,2026-10-07T05:56:35Z
2023-07-14,https://www.bls.gov/news.release/archives/ximpim_07142023.htm,ae41675ec634e7c168f2704ab820a00eeeee06172934a78daae9c0016d29d8fe,451892,11f1db4a1914ead3ae04209dcddcd2b971cb522414d64fa3539f11bee4d295c5,2026-10-07T05:56:38Z
2023-08-15,https://www.bls.gov/news.release/archives/ximpim_08152023.htm,e40a0e537e8b7a8cc6bc6c2059e9e3893827fac8d05a82c74478d45bd73c5c38,452050,e990c65e4fbe883b5f280f3d9d3961bd5556a11a6cc47ed9123220fd120983b3,2026-10-07T05:56:42Z
2023-09-15,https://www.bls.gov/news.release/archives/ximpim_09152023.htm,35aa71e90031487166ff9714382e2f3d77a6ecda56dab033021fc39217ef6f3f,452453,cc059d77a5cf04227c1365d0862abbf2e637981ad7ed16352c275bc58215eeef,2026-10-07T05:56:45Z
2023-10-13,https://www.bls.gov/news.release/archives/ximpim_10132023.htm,9e512673e3265e33a031c96191c85d52b628c3dd8cceeceea70e31c71734f300,451962,122fbac7c6d35c37662c525a4c70cbb690cac556f9014446f684d6ceca145d4a,2026-10-07T05:56:48Z
2023-11-16,https://www.bls.gov/news.release/archives/ximpim_11162023.htm,890151ff16046e8ded2ab48e1a019c9457bb40ec25be8c7f25570469e1a6bf88,452301,6441944bb5f69ece99969e14814a12212c065d33f54ae7f7cc18a5eb4d39d45e,2026-10-07T05:56:52Z
2023-12-14,https://www.bls.gov/news.release/archives/ximpim_12142023.htm,3a7ddf18fed6a56583a647b3a32e4020fe00a1102309c22273c13c5dde40b7ee,452126,500a283fc61975ad9ca3eabcc5319cc3c78d907ad92d68a42e8c7dfef35e70c7,2026-10-07T05:56:55Z
2024-01-17,https://www.bls.gov/news.release/archives/ximpim_01172024.htm,ca5da5c1074600cda468fa3ee00dd5f3c92775d7194a2e487173b3be834be768,451881,bf28c09edf655fcc1ae346dc1273d6acbf54be80dd79a56ae2c7e35f8daad2f4,2026-10-07T05:56:58Z
2024-02-15,https://www.bls.gov/news.release/archives/ximpim_02152024.htm,4362a70033da944b86cbe6ace454c12781526dbfd0981280863ff5db26d44d34,452578,a07881f812f8d2777e1168e66599713cc301cc3313c12a1de33ff8b006009266,2026-10-07T05:57:02Z
2024-03-15,https://www.bls.gov/news.release/archives/ximpim_03152024.htm,d2dfefb517fde62bf19a91ee31021a03d1f19e46019963e1da9a541339dfc232,452207,26c56b8799664d2ceccc36b51e5ef6860658a096b8356f66ad7db189924b1124,2026-10-07T05:57:05Z
2024-04-12,https://www.bls.gov/news.release/archives/ximpim_04122024.htm,601d5818105279e732ca40f66d9e674e5ae0ae7e31ada3b8c54d9d65824de6ad,452667,02a7713c74e865b7c51c863db336fbc77a59786de38bbc9f5f88c6b6b488f238,2026-10-07T05:57:09Z
2024-05-16,https://www.bls.gov/news.release/archives/ximpim_05162024.htm,fe1f4b1c78437a5bd1cdc9629852ce0e342ee6f36df3d3155a01e91ce09db871,452561,c937ecf7fc6c55db9dc7527c7d34fcf2060a23e9cf5ff3e8e750525bf9001062,2026-10-07T05:57:12Z
2024-06-14,https://www.bls.gov/news.release/archives/ximpim_06142024.htm,4f10fdb12caf2c596b8d219feadd7acf9d14dcfe6dd6c19311d148336fc45642,451723,1211042d7e3bfdac0ca396585d4d90ab5eea5b729cc2a2a6956c2a47452f147c,2026-10-07T05:57:15Z
2024-07-16,https://www.bls.gov/news.release/archives/ximpim_07162024.htm,1a0da0e8839bf6379d705c12af57e0275effe2b4194d300f6f87e2d477f1edcd,451723,cb44d7475862091ee3e6126dab727906af1c98a6e7741520f7b8aafdc6d498b4,2026-10-07T05:57:19Z
2024-08-15,https://www.bls.gov/news.release/archives/ximpim_08152024.htm,3a90a1a9d2b9781abec6f77452575d3ca4e620b45d85f13c968a1725f0fe9ac8,452193,93c3fa6d5dc5bdee3fb231bca8a5eced33f4f05fbedcb3f5e15e4cca0fb80b73,2026-10-07T05:57:22Z
2024-09-13,https://www.bls.gov/news.release/archives/ximpim_09132024.htm,60b8255c8a64a088b2f8fb5cfb33f5197343a6ff387b74172a4a82ac0d4b69df,453530,5521b5dbc7cc54fe005540c4eae036a6ea679bad969b1c054ba8114d9575c638,2026-10-07T05:57:25Z
2024-10-16,https://www.bls.gov/news.release/archives/ximpim_10162024.htm,64aa73efac7ce180052210e683e1fc4cd29d8b82fb3d8792465a2122e988afe4,453562,79eb06c475cdcb18fc5cff2e370f09e85eed8c5d0094fa07d2fd0ad8a9a0925c,2026-10-07T05:57:29Z
2024-11-15,https://www.bls.gov/news.release/archives/ximpim_11152024.htm,c6a6f53dad8ce7b71c1873874906e50b3a9f4b661102ebd44adf324d6fd12c92,453724,97f366920633cc59e195149c90354b1bf02a76bbfe36e5b038b72447dc813f2a,2026-10-07T05:57:32Z
2024-12-13,https://www.bls.gov/news.release/archives/ximpim_12132024.htm,71ab2402f9988b5c030f2a0114118be1b78b825509fb9f33807f2272cf0422bb,454654,4499876dd3db37c34fdf77089dbdf14d9c1f296ed7457ed2e9496bb03a25fd3d,2026-10-07T05:57:35Z
2025-01-16,https://www.bls.gov/news.release/archives/ximpim_01162025.htm,7e7dba92aaa6c68fd2d445c16ed089dda9b1a4ed350fe846c8382fb971faad48,454083,bb2eef46650c7d25db8fa185eb3a54a1135583d3d1c8367b1d5db198e1125239,2026-10-07T05:57:39Z
2025-02-14,https://www.bls.gov/news.release/archives/ximpim_02142025.htm,fd63e20850e61c1af50badd2e13db98eb728dfb70c6ed646a7c8e463ff678258,457131,63cad2750cc227cb636361f1719ab08f9535e1ee0bfac6be1489a7f149060658,2026-10-07T05:57:42Z
2025-03-18,https://www.bls.gov/news.release/archives/ximpim_03182025.htm,aa480ba1ee38d409358d3f4de2441968ebb86d98521a367207cbd7ee17b00a35,525726,10c92eec769aa86daf2745770fd2142ca822150aa9187daad5db1f9d7d6c419b,2026-10-07T05:57:46Z
2025-04-15,https://www.bls.gov/news.release/archives/ximpim_04152025.htm,ae0b26c796f7d16fa07caa9f2a0e172ebebd17c9e254efe91326a6e040560c20,525548,acd5d4691a7ad6196722a070632163308a8b2ce59dc7c89823544b993199014e,2026-10-07T05:57:49Z
2025-05-16,https://www.bls.gov/news.release/archives/ximpim_05162025.htm,3ed8f2afcda5159f3e7cde35b64676da2ffcfc7531aecffed5a82809e2f0cffb,525566,2ffef471f3f78c2ecdb59176b8f132bbb6afcd3cbc3b7ae50da40f8769f5f3e1,2026-10-07T05:57:53Z
2025-06-17,https://www.bls.gov/news.release/archives/ximpim_06172025.htm,a95b1f847997670eedb2386e21461572d0e3ed8e17d2142eb29cf36dbdb31834,525011,b9e48b146c086dc7ae23faec94fc5be5cadb78e3bd4c60ebbfba5010551ec560,2026-10-07T05:57:56Z
2025-07-17,https://www.bls.gov/news.release/archives/ximpim_07172025.htm,d3af5e6d93516b3dba9938095d66a119d6c98bb4460279f2568a3a1bafa88078,525624,a3c2c3f7354f84fc3f3ef940721a4dc2ac584e76b337021ea10f629b19e579d5,2026-10-07T05:57:59Z
2025-08-15,https://www.bls.gov/news.release/archives/ximpim_08152025.htm,c114e4fce069381180c0b5ff0e2555b4672df64ba04436803d1d27e0febf5396,525332,9597d245a58910935200f881cace283503d96e4d8bc216ad68360b0fa1a810d4,2026-10-07T05:58:03Z
2025-09-16,https://www.bls.gov/news.release/archives/ximpim_09162025.htm,2488206f2adae7666eaaa424d6c32c7aea9dc636bb1bc23bb8fb4c3a51f756cd,526096,0e099416be602c99570232d69ff2fe96fc2d66323bd23456e85285e8b7cc15ce,2026-10-07T05:58:06Z
2025-12-03,https://www.bls.gov/news.release/archives/ximpim_12032025.htm,358b439d9adecaa01f1dbc5d8ec6406c7c5e88300b7a31eeca04240fcce5ae0c,526479,4b3bb6053af70570eef8222dd58738ee93998f1f0ce3e8df5caf4187e28928fd,2026-10-07T05:58:09Z
2026-01-15,https://www.bls.gov/news.release/archives/ximpim_01152026.htm,82f86ca50921725f62f55f03bd4cc3145fe4cb0024de9f8a54026d2ee05d2009,522553,659bdc963b8d5f00e649efab7b3be49dfca619f82523e8864ab378779416d54d,2026-10-07T05:58:13Z
2026-02-10,https://www.bls.gov/news.release/archives/ximpim_02102026.htm,32738c28461cc0ef07c8831df87945512e125183b1bbd05dc5ef858ae52b4250,49497,e3b0c44298fc1c149afbf4c8996fb92427ae41e4649b934ca495991b7852b855,2026-10-07T05:58:16Z
2026-03-05,https://www.bls.gov/news.release/archives/ximpim_03052026.htm,c8b8fdd5e617c1610f2b38bf3f7f94ba237d14a3c2ca03f8294fc92887e43620,520963,0e7c84ae065990f711080f09c2dadb4251246b95789af615a70dbc6acfdf2617,2026-10-07T06:00:27Z
2026-03-25,https://www.bls.gov/news.release/archives/ximpim_03252026.htm,d88a647460e22d0bc5cd84ed798db61607d7e7f042faf37d0aa00fbd897c73d4,522318,5e82a21429438615992abf222ecd0b6ecd18289e172aeee93b5a98863fbcdba0,2026-10-07T06:00:30Z
2026-04-15,https://www.bls.gov/news.release/archives/ximpim_04152026.htm,bea30306c19102d25dd52e3dbe2c4693ca9322f5566069724ce7b96e670a5b49,521153,37e32ad6bf239f4df377065d824659b302611efea03c0f50a3ae387554909eb3,2026-10-07T06:00:33Z
2026-05-14,https://www.bls.gov/news.release/archives/ximpim_05142026.htm,390c3d90f943e8d91d67b26e81c3cf434aff87a87ab0ed9094049196486f4f92,521020,120f6bee22d5a53f65b8fb743afd1e90ad939e462fcb1a972fc4f9da28f631ba,2026-10-07T06:00:36Z
2026-06-16,https://www.bls.gov/news.release/archives/ximpim_06162026.htm,ef2981178de25b74e202c1aae7970a6686472964cd65794fb308429c126d0829,520800,0fac4b2fc28ada0f779b04e17a2737e6259839bbce6855d97a55d39aedf6162a,2026-10-07T06:00:40Z
2026-07-17,https://www.bls.gov/news.release/archives/ximpim_07172026.htm,7b1454357d502e854b30931e5cf422088e94deb79e46c3b1b796c0fd284d2fb4,520890,b41fca0e53097b9024a32843cdda696ffd8c1595893df0e14fddcb3fe1e92ded,2026-10-07T06:00:43Z
2026-08-18,https://www.bls.gov/news.release/archives/ximpim_08182026.htm,bda28b944ff75372e195da5a53e8a137839c97c93e7648de71f4a3b5145bb73d,520589,db6f5a0fb69eb5434c915d7d4bf6ca4980d53db6b18890728670f9f803821f58,2026-10-07T06:00:46Z
2026-09-16,https://www.bls.gov/news.release/archives/ximpim_09162026.htm,d0d618ed33619735cae38c7ff79e4d804a481191622103615dfeaca4956905e2,520822,2e4bb326d98dcb1cd1ae7af0ff6aeb56b9e0489b51452567f38a18b7ff010d62,2026-10-07T06:00:49Z
