airport_iata,airport_icao,airport_name,country,region,latitude,longitude,timezone,cargo_relevance,hub_type,source
DEL,VIDP,Indira Gandhi International Airport,IN,South Asia,28.55563,77.09519,Asia/Kolkata,HIGH,gateway,"identity and coordinates: OurAirports (public domain), file sha256 1baffe51282f retrieved 2026-10-05; region, time zone, relevance: AirPulse reference list (a judgement, not a ranking)"
BOM,VABB,Chhatrapati Shivaji Maharaj International Airport,IN,South Asia,19.08870,72.86790,Asia/Kolkata,HIGH,gateway,"identity and coordinates: OurAirports (public domain), file sha256 1baffe51282f retrieved 2026-10-05; region, time zone, relevance: AirPulse reference list (a judgement, not a ranking)"
MAA,VOMM,Chennai International Airport,IN,South Asia,12.99001,80.16930,Asia/Kolkata,MEDIUM,gateway,"identity and coordinates: OurAirports (public domain), file sha256 1baffe51282f retrieved 2026-10-05; region, time zone, relevance: AirPulse reference list (a judgement, not a ranking)"
BLR,VOBL,Kempegowda International Airport Bengaluru,IN,South Asia,13.19790,77.70630,Asia/Kolkata,MEDIUM,gateway,"identity and coordinates: OurAirports (public domain), file sha256 1baffe51282f retrieved 2026-10-05; region, time zone, relevance: AirPulse reference list (a judgement, not a ranking)"
HYD,VOHS,Rajiv Gandhi International Airport,IN,South Asia,17.23132,78.42986,Asia/Kolkata,MEDIUM,gateway,"identity and coordinates: OurAirports (public domain), file sha256 1baffe51282f retrieved 2026-10-05; region, time zone, relevance: AirPulse reference list (a judgement, not a ranking)"
CCU,VECC,Netaji Subhash Chandra Bose International Airport,IN,South Asia,22.65401,88.44765,Asia/Kolkata,MEDIUM,gateway,"identity and coordinates: OurAirports (public domain), file sha256 1baffe51282f retrieved 2026-10-05; region, time zone, relevance: AirPulse reference list (a judgement, not a ranking)"
DAC,VGHS,Hazrat Shahjalal International Airport,BD,South Asia,23.84335,90.39778,Asia/Dhaka,MEDIUM,gateway,"identity and coordinates: OurAirports (public domain), file sha256 1baffe51282f retrieved 2026-10-05; region, time zone, relevance: AirPulse reference list (a judgement, not a ranking)"
CMB,VCBI,Bandaranaike International Colombo Airport,LK,South Asia,7.18076,79.88410,Asia/Colombo,MEDIUM,gateway,"identity and coordinates: OurAirports (public domain), file sha256 1baffe51282f retrieved 2026-10-05; region, time zone, relevance: AirPulse reference list (a judgement, not a ranking)"
KHI,OPKC,Jinnah International Airport,PK,South Asia,24.90650,67.16080,Asia/Karachi,MEDIUM,gateway,"identity and coordinates: OurAirports (public domain), file sha256 1baffe51282f retrieved 2026-10-05; region, time zone, relevance: AirPulse reference list (a judgement, not a ranking)"
PVG,ZSPD,Shanghai Pudong International Airport,CN,East Asia,31.14340,121.80500,Asia/Shanghai,HIGH,cargo hub,"identity and coordinates: OurAirports (public domain), file sha256 1baffe51282f retrieved 2026-10-05; region, time zone, relevance: AirPulse reference list (a judgement, not a ranking)"
PEK,ZBAA,Beijing Capital International Airport,CN,East Asia,40.07735,116.59670,Asia/Shanghai,HIGH,gateway,"identity and coordinates: OurAirports (public domain), file sha256 1baffe51282f retrieved 2026-10-05; region, time zone, relevance: AirPulse reference list (a judgement, not a ranking)"
CAN,ZGGG,Guangzhou Baiyun International Airport,CN,East Asia,23.39240,113.29900,Asia/Shanghai,HIGH,cargo hub,"identity and coordinates: OurAirports (public domain), file sha256 1baffe51282f retrieved 2026-10-05; region, time zone, relevance: AirPulse reference list (a judgement, not a ranking)"
SZX,ZGSZ,Shenzhen Bao'an International Airport,CN,East Asia,22.63947,113.80326,Asia/Shanghai,HIGH,cargo hub,"identity and coordinates: OurAirports (public domain), file sha256 1baffe51282f retrieved 2026-10-05; region, time zone, relevance: AirPulse reference list (a judgement, not a ranking)"
CGO,ZHCC,Zhengzhou Xinzheng International Airport,CN,East Asia,34.52650,113.84916,Asia/Shanghai,HIGH,cargo hub,"identity and coordinates: OurAirports (public domain), file sha256 1baffe51282f retrieved 2026-10-05; region, time zone, relevance: AirPulse reference list (a judgement, not a ranking)"
HKG,VHHH,Hong Kong International Airport,HK,East Asia,22.31184,113.91486,Asia/Hong_Kong,HIGH,cargo hub,"identity and coordinates: OurAirports (public domain), file sha256 1baffe51282f retrieved 2026-10-05; region, time zone, relevance: AirPulse reference list (a judgement, not a ranking)"
TPE,RCTP,Taiwan Taoyuan International Airport,TW,East Asia,25.07770,121.23300,Asia/Taipei,HIGH,cargo hub,"identity and coordinates: OurAirports (public domain), file sha256 1baffe51282f retrieved 2026-10-05; region, time zone, relevance: AirPulse reference list (a judgement, not a ranking)"
NRT,RJAA,Narita International Airport,JP,East Asia,35.76858,140.38871,Asia/Tokyo,HIGH,cargo hub,"identity and coordinates: OurAirports (public domain), file sha256 1baffe51282f retrieved 2026-10-05; region, time zone, relevance: AirPulse reference list (a judgement, not a ranking)"
HND,RJTT,Tokyo Haneda International Airport,JP,East Asia,35.54968,139.78696,Asia/Tokyo,MEDIUM,gateway,"identity and coordinates: OurAirports (public domain), file sha256 1baffe51282f retrieved 2026-10-05; region, time zone, relevance: AirPulse reference list (a judgement, not a ranking)"
KIX,RJBB,Kansai International Airport,JP,East Asia,34.42730,135.24400,Asia/Tokyo,MEDIUM,cargo hub,"identity and coordinates: OurAirports (public domain), file sha256 1baffe51282f retrieved 2026-10-05; region, time zone, relevance: AirPulse reference list (a judgement, not a ranking)"
ICN,RKSI,Incheon International Airport,KR,East Asia,37.46910,126.45100,Asia/Seoul,HIGH,cargo hub,"identity and coordinates: OurAirports (public domain), file sha256 1baffe51282f retrieved 2026-10-05; region, time zone, relevance: AirPulse reference list (a judgement, not a ranking)"
SIN,WSSS,Singapore Changi Airport,SG,Southeast Asia,1.35019,103.99400,Asia/Singapore,HIGH,cargo hub,"identity and coordinates: OurAirports (public domain), file sha256 1baffe51282f retrieved 2026-10-05; region, time zone, relevance: AirPulse reference list (a judgement, not a ranking)"
BKK,VTBS,Suvarnabhumi Airport,TH,Southeast Asia,13.68110,100.74700,Asia/Bangkok,HIGH,gateway,"identity and coordinates: OurAirports (public domain), file sha256 1baffe51282f retrieved 2026-10-05; region, time zone, relevance: AirPulse reference list (a judgement, not a ranking)"
KUL,WMKK,Kuala Lumpur International Airport,MY,Southeast Asia,2.74558,101.71000,Asia/Kuala_Lumpur,MEDIUM,gateway,"identity and coordinates: OurAirports (public domain), file sha256 1baffe51282f retrieved 2026-10-05; region, time zone, relevance: AirPulse reference list (a judgement, not a ranking)"
SGN,VVTS,Tan Son Nhat International Airport,VN,Southeast Asia,10.81880,106.65200,Asia/Ho_Chi_Minh,MEDIUM,gateway,"identity and coordinates: OurAirports (public domain), file sha256 1baffe51282f retrieved 2026-10-05; region, time zone, relevance: AirPulse reference list (a judgement, not a ranking)"
HAN,VVNB,Noi Bai International Airport,VN,Southeast Asia,21.22120,105.80700,Asia/Ho_Chi_Minh,MEDIUM,gateway,"identity and coordinates: OurAirports (public domain), file sha256 1baffe51282f retrieved 2026-10-05; region, time zone, relevance: AirPulse reference list (a judgement, not a ranking)"
DXB,OMDB,Dubai International Airport,AE,Middle East,25.24979,55.37099,Asia/Dubai,HIGH,transfer hub,"identity and coordinates: OurAirports (public domain), file sha256 1baffe51282f retrieved 2026-10-05; region, time zone, relevance: AirPulse reference list (a judgement, not a ranking)"
DWC,OMDW,Al Maktoum International Airport,AE,Middle East,24.89617,55.16235,Asia/Dubai,HIGH,cargo hub,"identity and coordinates: OurAirports (public domain), file sha256 1baffe51282f retrieved 2026-10-05; region, time zone, relevance: AirPulse reference list (a judgement, not a ranking)"
DOH,OTHH,Hamad International Airport,QA,Middle East,25.27306,51.60806,Asia/Qatar,HIGH,transfer hub,"identity and coordinates: OurAirports (public domain), file sha256 1baffe51282f retrieved 2026-10-05; region, time zone, relevance: AirPulse reference list (a judgement, not a ranking)"
AUH,OMAA,Zayed International Airport,AE,Middle East,24.44097,54.64924,Asia/Dubai,MEDIUM,transfer hub,"identity and coordinates: OurAirports (public domain), file sha256 1baffe51282f retrieved 2026-10-05; region, time zone, relevance: AirPulse reference list (a judgement, not a ranking)"
IST,LTFM,İstanbul Airport,TR,Middle East,41.27487,28.73214,Europe/Istanbul,HIGH,transfer hub,"identity and coordinates: OurAirports (public domain), file sha256 1baffe51282f retrieved 2026-10-05; region, time zone, relevance: AirPulse reference list (a judgement, not a ranking)"
FRA,EDDF,Frankfurt Main Airport,DE,Europe,50.02671,8.55835,Europe/Berlin,HIGH,cargo hub,"identity and coordinates: OurAirports (public domain), file sha256 1baffe51282f retrieved 2026-10-05; region, time zone, relevance: AirPulse reference list (a judgement, not a ranking)"
AMS,EHAM,Amsterdam Airport Schiphol,NL,Europe,52.30860,4.76389,Europe/Amsterdam,HIGH,cargo hub,"identity and coordinates: OurAirports (public domain), file sha256 1baffe51282f retrieved 2026-10-05; region, time zone, relevance: AirPulse reference list (a judgement, not a ranking)"
LHR,EGLL,London Heathrow Airport,GB,Europe,51.47075,-0.45991,Europe/London,HIGH,gateway,"identity and coordinates: OurAirports (public domain), file sha256 1baffe51282f retrieved 2026-10-05; region, time zone, relevance: AirPulse reference list (a judgement, not a ranking)"
CDG,LFPG,Charles de Gaulle International Airport,FR,Europe,49.00896,2.55412,Europe/Paris,HIGH,cargo hub,"identity and coordinates: OurAirports (public domain), file sha256 1baffe51282f retrieved 2026-10-05; region, time zone, relevance: AirPulse reference list (a judgement, not a ranking)"
LUX,ELLX,Luxembourg-Findel International Airport,LU,Europe,49.62685,6.21213,Europe/Luxembourg,HIGH,cargo hub,"identity and coordinates: OurAirports (public domain), file sha256 1baffe51282f retrieved 2026-10-05; region, time zone, relevance: AirPulse reference list (a judgement, not a ranking)"
LGG,EBLG,Liège Airport,BE,Europe,50.63857,5.44390,Europe/Brussels,HIGH,cargo hub,"identity and coordinates: OurAirports (public domain), file sha256 1baffe51282f retrieved 2026-10-05; region, time zone, relevance: AirPulse reference list (a judgement, not a ranking)"
LEJ,EDDP,Leipzig/Halle Airport,DE,Europe,51.42066,12.23270,Europe/Berlin,HIGH,express hub,"identity and coordinates: OurAirports (public domain), file sha256 1baffe51282f retrieved 2026-10-05; region, time zone, relevance: AirPulse reference list (a judgement, not a ranking)"
CGN,EDDK,Cologne Bonn Airport,DE,Europe,50.86590,7.14274,Europe/Berlin,HIGH,express hub,"identity and coordinates: OurAirports (public domain), file sha256 1baffe51282f retrieved 2026-10-05; region, time zone, relevance: AirPulse reference list (a judgement, not a ranking)"
BRU,EBBR,Brussels Airport,BE,Europe,50.90140,4.48444,Europe/Brussels,MEDIUM,cargo hub,"identity and coordinates: OurAirports (public domain), file sha256 1baffe51282f retrieved 2026-10-05; region, time zone, relevance: AirPulse reference list (a judgement, not a ranking)"
MAD,LEMD,Adolfo Suárez Madrid–Barajas Airport,ES,Europe,40.49341,-3.57225,Europe/Madrid,MEDIUM,gateway,"identity and coordinates: OurAirports (public domain), file sha256 1baffe51282f retrieved 2026-10-05; region, time zone, relevance: AirPulse reference list (a judgement, not a ranking)"
MXP,LIMC,Milan Malpensa International Airport,IT,Europe,45.63060,8.72811,Europe/Rome,MEDIUM,cargo hub,"identity and coordinates: OurAirports (public domain), file sha256 1baffe51282f retrieved 2026-10-05; region, time zone, relevance: AirPulse reference list (a judgement, not a ranking)"
EMA,EGNX,East Midlands Airport,GB,Europe,52.83110,-1.32806,Europe/London,MEDIUM,express hub,"identity and coordinates: OurAirports (public domain), file sha256 1baffe51282f retrieved 2026-10-05; region, time zone, relevance: AirPulse reference list (a judgement, not a ranking)"
ORD,KORD,Chicago O'Hare International Airport,US,North America,41.97860,-87.90480,America/Chicago,HIGH,cargo hub,"identity and coordinates: OurAirports (public domain), file sha256 1baffe51282f retrieved 2026-10-05; region, time zone, relevance: AirPulse reference list (a judgement, not a ranking)"
DFW,KDFW,Dallas Fort Worth International Airport,US,North America,32.89680,-97.03800,America/Chicago,MEDIUM,gateway,"identity and coordinates: OurAirports (public domain), file sha256 1baffe51282f retrieved 2026-10-05; region, time zone, relevance: AirPulse reference list (a judgement, not a ranking)"
LAX,KLAX,Los Angeles International Airport,US,North America,33.94250,-118.40800,America/Los_Angeles,HIGH,cargo hub,"identity and coordinates: OurAirports (public domain), file sha256 1baffe51282f retrieved 2026-10-05; region, time zone, relevance: AirPulse reference list (a judgement, not a ranking)"
JFK,KJFK,John F. Kennedy International Airport,US,North America,40.63945,-73.77932,America/New_York,HIGH,cargo hub,"identity and coordinates: OurAirports (public domain), file sha256 1baffe51282f retrieved 2026-10-05; region, time zone, relevance: AirPulse reference list (a judgement, not a ranking)"
EWR,KEWR,Newark Liberty International Airport,US,North America,40.68940,-74.17055,America/New_York,MEDIUM,gateway,"identity and coordinates: OurAirports (public domain), file sha256 1baffe51282f retrieved 2026-10-05; region, time zone, relevance: AirPulse reference list (a judgement, not a ranking)"
ATL,KATL,Hartsfield Jackson Atlanta International Airport,US,North America,33.63670,-84.42810,America/New_York,MEDIUM,gateway,"identity and coordinates: OurAirports (public domain), file sha256 1baffe51282f retrieved 2026-10-05; region, time zone, relevance: AirPulse reference list (a judgement, not a ranking)"
MIA,KMIA,Miami International Airport,US,North America,25.79601,-80.28975,America/New_York,HIGH,cargo hub,"identity and coordinates: OurAirports (public domain), file sha256 1baffe51282f retrieved 2026-10-05; region, time zone, relevance: AirPulse reference list (a judgement, not a ranking)"
ANC,PANC,Ted Stevens Anchorage International Airport,US,North America,61.17900,-149.99256,America/Anchorage,HIGH,transfer hub,"identity and coordinates: OurAirports (public domain), file sha256 1baffe51282f retrieved 2026-10-05; region, time zone, relevance: AirPulse reference list (a judgement, not a ranking)"
MEM,KMEM,Frederick W. Smith International Airport,US,North America,35.04384,-89.97634,America/Chicago,HIGH,express hub,"identity and coordinates: OurAirports (public domain), file sha256 1baffe51282f retrieved 2026-10-05; region, time zone, relevance: AirPulse reference list (a judgement, not a ranking)"
SDF,KSDF,Louisville Muhammad Ali International Airport,US,North America,38.17060,-85.73508,America/Kentucky/Louisville,HIGH,express hub,"identity and coordinates: OurAirports (public domain), file sha256 1baffe51282f retrieved 2026-10-05; region, time zone, relevance: AirPulse reference list (a judgement, not a ranking)"
CVG,KCVG,Cincinnati Northern Kentucky International Airport,US,North America,39.04880,-84.66780,America/New_York,HIGH,express hub,"identity and coordinates: OurAirports (public domain), file sha256 1baffe51282f retrieved 2026-10-05; region, time zone, relevance: AirPulse reference list (a judgement, not a ranking)"
SFO,KSFO,San Francisco International Airport,US,North America,37.61981,-122.37482,America/Los_Angeles,MEDIUM,gateway,"identity and coordinates: OurAirports (public domain), file sha256 1baffe51282f retrieved 2026-10-05; region, time zone, relevance: AirPulse reference list (a judgement, not a ranking)"
SEA,KSEA,Seattle–Tacoma International Airport,US,North America,47.44794,-122.31028,America/Los_Angeles,MEDIUM,gateway,"identity and coordinates: OurAirports (public domain), file sha256 1baffe51282f retrieved 2026-10-05; region, time zone, relevance: AirPulse reference list (a judgement, not a ranking)"
