event,class,airports,start,end,event_type,status,source,url,second_source_url,evidence,note,verified_on
Brussels Airport closed after the attack,closure,EBBR,2016-03-22,2016-04-02,attack; airport closed,VERIFIED,PBS NewsHour; Aviation Week,https://www.pbs.org/newshour/amp/world/brussels-airport-reopens-sunday-after-suicide-attacks,https://aviationweek.com/air-transport/airports-networks/brussels-airport-passes-another-milestone-return-full-operations,"The airport was closed after the bombings in the departure hall on 22 March 2016 and reopened on Sunday 3 April with three flights from a temporary check-in facility.",,2026-10-06
Dublin: operations suspended in snow,closure,EIDW,2018-03-01,2018-03-02,weather; operations suspended,VERIFIED,The Irish Post; CNBC,https://www.irishpost.com/news/dublin-cork-airports-officially-close-their-doors-as-storm-emma-beckons-150644,https://www.cnbc.com/2018/03/02/snow-storms-shut-ireland-and-force-britain-to-call-in-the-army.html,"Dublin Airport stopped operating from 3 pm on 1 March 2018 with all arrivals and departures cancelled until at least the following afternoon; on 3 March most operations began only after 10 am.",,2026-10-06
Gatwick: runway closed after drone sightings,closure,EGKK,2018-12-20,2018-12-20,security; runway closed,VERIFIED,CBS News; Wikipedia (Gatwick Airport drone incident),https://www.cbsnews.com/amp/chicago/news/gatwick-closed-drones,https://en.wikipedia.org/wiki/Gatwick_Airport_drone_incident,"Gatwick closed its only runway and suspended all flights after drone sightings; hundreds of flights were cancelled between 19 and 21 December 2018, about 1,000 flights affected.",The disruption ran from the evening of 19 December to 21 December; the window of the test is 20 December only.,2026-10-06
Pandemic collapse of traffic,closure,EDDF;EHAM;EGLL;LFPG;LEMD,2020-03-16,2020-03-31,pandemic; collapse of traffic,VERIFIED,EUROCONTROL daily traffic situation (as republished by ATC Network); Euronews,https://www.atc-network.com/atc-news/eurocontrol/eurocontrol-latest-traffic-situation-as-of-yesterday-sunday-29-march-2020-compared-with-equivalent-day-in-2019,https://www.euronews.com/2020/03/31/cargo-flights-stay-airborne-as-european-air-traffic-disappears-during-pandemic,"On 29 March 2020 network flights were 88.0% below the same day of 2019; by state: Spain -93%, France -93%, United Kingdom -87%, Germany -87%, Netherlands -85%.","The evidence is by state and network, not by airport. This is a collapse of traffic, not a closure; it was placed in the closure class before the test and is left there.",2026-10-06
Ukrainian airspace closed,closure,UKBB,2022-02-24,2022-03-02,conflict; airspace closed,VERIFIED,ch-aviation; EASA conflict zone information (as quoted),https://www.ch-aviation.com/news/112957-ukraine-closes-airspace-as-russia-invades,https://www.travelpulse.com/news/impacting-travel/ukraine-closes-airspace-to-civilian-flights-as-russia-invades,"The Ukrainian air traffic service closed the airspace to all civilian flights by notice from 00:45 UTC on 24 February 2022; EASA declared an active conflict zone.",,2026-10-06
Brussels Airport: national strike,closure,EBBR,2022-06-20,2022-06-20,strike; all departures cancelled,VERIFIED,VRT NWS; Euronews,https://www.vrt.be/vrtnws/en/2022/06/20/no-departures-from-brussels-airport/,https://www.euronews.com/my-europe/2022/06/20/national-strike-sees-brussels-airport-cancel-all-outgoing-flights,"All 232 departing passenger flights were cancelled on 20 June 2022 because most security staff had walked out; about one in four inbound flights arrived; freight flights were not disrupted.",Departures of passenger flights were cancelled; arrivals and freight partly operated. Placed in the closure class before the test and left there.,2026-10-06
German airports: strike of 17 February 2023,closure,EDDF;EDDM;EDDH,2023-02-17,2023-02-17,strike; regular operations suspended,VERIFIED,Lufthansa Group newsroom; Euronews,https://newsroom.lufthansagroup.com/en/verdi-strike-at-german-airports-lufthansa-cancels-all-flights-from-frankfurt-and-munich/,https://euronews.com/2023/02/17/thousands-of-flights-cancelled-as-german-airport-staff-strike,"A full-day strike on 17 February 2023 at Frankfurt, Munich, Stuttgart, Hamburg, Dortmund, Hanover and Bremen; regular flight operations were suspended for the day at Frankfurt, Munich, Hamburg and Stuttgart; more than 2,300 flights were affected.",,2026-10-06
German airports: strike of 27 March 2023,closure,EDDF;EDDM,2023-03-27,2023-03-27,strike; no regular passenger flights,VERIFIED,CNN; Wikipedia (2023 German public transport strike),https://amp.cnn.com/cnn/2023/03/27/business/germany-transport-strikes-intl,https://en.wikipedia.org/wiki/2023_German_public_transport_strike,"On 27 March 2023 Frankfurt airport had no regular passenger flights; Munich airport had no regular passenger or cargo traffic on 26 and 27 March.",,2026-10-06
Munich: closed in snow,closure,EDDM,2023-12-02,2023-12-02,weather; flight operations suspended,VERIFIED,Al Jazeera; Aviation International News,https://www.aljazeera.com/amp/news/2023/12/2/heavy-snowfall-shuts-down-air-and-rail-links-in-southern-germany,https://www.ainonline.com/aviation-news/business-aviation/2023-12-04/early-winter-snow-stops-flights-munich-airport,"All flights were grounded at Munich Airport on 2 December 2023 after more than 40 cm of snow, until 6 am on Sunday 3 December; 760 flights were affected.",,2026-10-06
Heathrow closed after a power failure,closure,EGLL,2025-03-21,2025-03-21,power failure; airport closed,VERIFIED,ITV News; Anadolu Agency,https://www.itv.com/news/2025-03-21/heathrow-closed-all-day-following-electrical-substation-fire,https://aa.com.tr/en/europe/heathrow-airport-closed-due-to-power-outage-significant-disruption-expected/3516311,"Heathrow was closed until 23:59 on 21 March 2025 after a fire at the North Hyde electrical substation; at least 1,350 flights were affected.",,2026-10-06
Storm over the Netherlands,partial,EHAM,2022-02-18,2022-02-18,weather; cancellations,VERIFIED,KLM newsroom; DutchNews,https://news.klm.com/cancellations-due-to-storm-eunice/,https://www.dutchnews.nl/news/2022/02/trains-and-planes-cancelled-as-the-netherlands-readies-for-storm-eunice/,"About 350 flights were cancelled at Schiphol on 18 February 2022 in storm Eunice, more than 200 of them by KLM; the airport said a full stop of air traffic was not necessary.",,2026-10-06
UK air traffic control failure,partial,EGLL;EGKK,2023-08-28,2023-08-28,air traffic control failure; cancellations,VERIFIED,UK Civil Aviation Authority (independent review); International Airport Review,https://www.caa.co.uk/newsroom/news/aviation-regulator-publishes-independent-review-into-august-2023-nats-flight-planning-system-failure/,https://www.internationalairportreview.com/news/188962/uk-air-traffic-control-systems-experiences-technical-issues-causing-disruption-to-airports-and-passengers,"The flight planning system at Swanwick failed on 28 August 2023; 799 departures and 786 arrivals at UK airports were cancelled that day (about 27% of each), most at Heathrow, then Gatwick.",,2026-10-06
Frankfurt: strike of 7 March 2024,partial,EDDF,2024-03-07,2024-03-07,strike; departures cancelled,VERIFIED,SWI swissinfo.ch; Stars and Stripes,https://swissinfo.ch/eng/frankfurt-airport-closed-for-departures-on-thursday-due-to-strike/73408952,https://www.stripes.com/theaters/europe/2024-03-07/german-air-travel-train-strikes-13236034.html,"Frankfurt Airport was closed to departing passengers on 7 March 2024 during strikes of security staff and of Lufthansa ground staff; about 650 of 1,170 scheduled flights were cancelled.",,2026-10-06
Worldwide IT outage,partial,EHAM;EDDB,2024-07-19,2024-07-19,IT outage; cancellations and a suspension,VERIFIED,NL Times; The National,https://nltimes.nl/node/74100,https://www.thenationalnews.com/news/2024/07/19/outage-it-microsoft-crowdstrike/,"On 19 July 2024 about 200 flights were cancelled at Schiphol and every flight was delayed or cancelled; Berlin Brandenburg halted all flights until 10 am.",,2026-10-06
Iberian power failure,partial,LPPT;LEMD,2025-04-28,2025-04-28,power failure; arrivals halted,VERIFIED,AirNav Radar; The New York Sun (Associated Press),https://en.airnavradar.com/blog/breaking-massive-power-outage-hits-spain-and-portugal-disrupting-airport-operations,https://nysun.com/article/massive-power-outage-hits-spain-and-portugal-halting-transportation-and-network-communications-for-millions,"On 28 April 2025 the grid of Spain and Portugal collapsed at about 12:30; Madrid Barajas and Lisbon airports lost power and Lisbon accepted no arrivals for a time.",,2026-10-06
